date;Alnus;Betula;Taxus;Fraxinus;Poaceae;Quercus;Ulmus;Urtica
2010-01-01;;;;;;;;
2010-01-02;;;;;;;;
2010-01-03;;;;;;;;
2010-01-04;;;;;;;;
2010-01-05;;;;;;;;
2010-01-06;;;;;;;;
2010-01-07;;;;;;;;
2010-01-08;;;;;;;;
2010-01-09;;;;;;;;
2010-01-10;;;;;;;;
2010-01-11;;;;;;;;
2010-01-12;;;;;;;;
2010-01-13;;;;;;;;
2010-01-14;;;;;;;;
2010-01-15;;;;;;;;
2010-01-16;;;;;;;;
2010-01-17;;;;;;;;
2010-01-18;;;;;;;;
2010-01-19;;;;;;;;
2010-01-20;;;;;;;;
2010-01-21;;;;;;;;
2010-01-22;;;;;;;;
2010-01-23;;;;;;;;
2010-01-24;;;;;;;;
2010-01-25;;;;;;;;
2010-01-26;;;;;;;;
2010-01-27;;;;;;;;
2010-01-28;;;;;;;;
2010-01-29;;;;;;;;
2010-01-30;;;;;;;;
2010-01-31;;;;;;;;
2010-02-01;;;;;;;;
2010-02-02;;;;;;;;
2010-02-03;;;;;;;;
2010-02-04;;;;;;;;
2010-02-05;;;;;;;;
2010-02-06;;;;;;;;
2010-02-07;;;;;;;;
2010-02-08;;;;;;;;
2010-02-09;;;;;;;;
2010-02-10;;;;;;;;
2010-02-11;;;;;;;;
2010-02-12;;;;;;;;
2010-02-13;;;;;;;;
2010-02-14;;;;;;;;
2010-02-15;;;;;;;;
2010-02-16;;;;;;;;
2010-02-17;;;;;;;;
2010-02-18;;;;;;;;
2010-02-19;;;;;;;;
2010-02-20;;;;;;;;
2010-02-21;;;;;;;;
2010-02-22;;;;;;;;
2010-02-23;;;;;;;;
2010-02-24;0;0;0;0;0;0;0;0
2010-02-25;10;0;0;0;0;0;0;0
2010-02-26;12;0;0;0;0;0;0;0
2010-02-27;31;0;3;0;0;0;0;0
2010-02-28;49;0;1;0;0;0;0;0
2010-03-01;40;0;2;0;0;0;0;0
2010-03-02;39;0;0;0;0;0;0;0
2010-03-03;11;0;0;0;0;0;0;0
2010-03-04;3;0;0;0;0;0;0;0
2010-03-05;2;0;0;0;0;0;0;0
2010-03-06;4;0;0;0;0;0;0;0
2010-03-07;0;0;0;0;0;0;0;0
2010-03-08;0;0;0;0;0;0;0;0
2010-03-09;0;0;0;0;0;0;0;0
2010-03-10;7;0;0;0;0;0;0;0
2010-03-11;11;0;0;0;0;0;0;0
2010-03-12;0;0;0;0;0;0;0;0
2010-03-13;0;0;0;0;0;0;0;0
2010-03-14;1;0;0;0;0;0;0;0
2010-03-15;12;0;0;0;0;0;0;0
2010-03-16;5;0;21;0;0;0;0;0
2010-03-17;20;0;6;0;0;0;0;0
2010-03-18;66;0;10;1;0;0;0;0
2010-03-19;129;0;39;0;0;0;0;0
2010-03-20;208;0;56;0;0;0;1;0
2010-03-21;91;0;145;0;0;0;0;0
2010-03-22;56;0;48;0;0;0;0;0
2010-03-23;58;0;590;0;0;0;0;0
2010-03-24;;0;1340;0;0;0;3;0
2010-03-25;;4;554;0;0;0;28;0
2010-03-26;;3;732;0;0;0;31;0
2010-03-27;;5;;0;0;0;31;0
2010-03-28;;1;;1;0;0;0;0
2010-03-29;;0;;;0;0;6;0
2010-03-30;;7;254;;0;1;142;0
2010-03-31;2;;33;;0;1;63;0
2010-04-01;2;;0;;0;1;21;0
2010-04-02;0;;0;;0;0;22;0
2010-04-03;3;;15;;0;1;75;0
2010-04-04;0;;17;383;0;5;69;0
2010-04-05;0;;6;164;0;5;25;0
2010-04-06;1;;9;505;0;2;50;0
2010-04-07;0;;8;1556;0;2;66;0
2010-04-08;2;;54;812;0;5;18;0
2010-04-09;0;386;45;1091;0;4;28;0
2010-04-10;0;126;6;691;0;2;26;0
2010-04-11;0;42;6;691;0;2;9;0
2010-04-12;0;21;3;486;0;2;;0
2010-04-13;0;53;1;288;0;2;;0
2010-04-14;0;22;1;51;0;0;;0
2010-04-15;0;40;1;103;0;1;;0
2010-04-16;0;209;2;215;0;7;;0
2010-04-17;0;483;12;407;0;2;;0
2010-04-18;0;469;28;275;0;5;;0
2010-04-19;0;398;4;;0;7;;0
2010-04-20;1;861;10;;0;12;16;0
2010-04-21;0;502;12;;;6;9;0
2010-04-22;0;160;4;;;2;10;0
2010-04-23;0;394;1;;;4;23;0
2010-04-24;0;581;3;;;4;16;0
2010-04-25;0;627;2;;;22;44;0
2010-04-26;0;794;5;92;;42;42;0
2010-04-27;0;98;1;21;;10;7;0
2010-04-28;0;171;23;16;;34;7;0
2010-04-29;2;180;4;29;;52;2;0
2010-04-30;0;369;17;40;;189;2;0
2010-05-01;0;13;8;1;0;11;0;0
2010-05-02;0;3;1;0;0;8;0;0
2010-05-03;0;3;0;0;0;5;0;0
2010-05-04;0;0;0;0;0;8;0;0
2010-05-05;0;23;0;2;3;29;0;0
2010-05-06;0;0;0;0;0;1;0;0
2010-05-07;0;4;0;0;0;15;0;0
2010-05-08;0;4;0;1;5;20;0;0
2010-05-09;2;12;4;3;5;18;0;0
2010-05-10;0;0;5;0;2;29;0;0
2010-05-11;0;7;7;1;6;36;0;0
2010-05-12;0;2;3;0;3;9;0;0
2010-05-13;0;0;0;0;0;1;0;0
2010-05-14;0;0;0;0;1;;0;0
2010-05-15;0;0;1;0;2;;0;0
2010-05-16;0;10;0;0;2;;0;0
2010-05-17;0;1;0;1;17;;0;0
2010-05-18;0;5;0;0;9;;0;0
2010-05-19;0;0;1;0;2;;0;0
2010-05-20;0;0;0;0;1;;0;0
2010-05-21;0;1;0;0;1;;0;0
2010-05-22;0;1;0;0;5;;0;0
2010-05-23;0;1;5;0;7;12;0;0
2010-05-24;0;1;0;0;11;6;0;0
2010-05-25;0;3;3;0;20;6;0;0
2010-05-26;0;3;0;0;20;13;0;1
2010-05-27;0;0;0;0;1;0;0;0
2010-05-28;0;0;0;0;13;4;0;1
2010-05-29;0;0;0;0;9;1;0;3
2010-05-30;0;0;0;0;7;0;0;0
2010-05-31;0;0;0;0;1;0;0;0
2010-06-01;0;0;1;0;0;0;1;0
2010-06-02;0;0;0;0;0;0;0;0
2010-06-03;0;0;0;0;0;0;0;0
2010-06-04;0;2;5;0;13;0;0;1
2010-06-05;0;0;0;0;54;0;0;0
2010-06-06;1;0;0;0;46;2;0;4
2010-06-07;4;0;0;0;43;1;0;3
2010-06-08;1;0;0;0;48;0;0;3
2010-06-09;14;0;1;0;98;1;0;12
2010-06-10;10;0;2;0;117;1;0;4
2010-06-11;10;1;1;0;179;3;0;14
2010-06-12;11;0;1;0;111;2;0;24
2010-06-13;2;0;0;0;117;2;0;47
2010-06-14;0;0;0;0;16;0;0;22
2010-06-15;0;0;0;0;20;1;0;16
2010-06-16;0;0;0;0;14;0;0;13
2010-06-17;1;0;0;0;1;0;0;
2010-06-18;0;0;0;0;18;0;0;
2010-06-19;0;1;0;0;3;0;0;
2010-06-20;0;0;0;0;3;0;0;
2010-06-21;0;0;0;0;4;0;0;
2010-06-22;0;0;0;0;46;0;0;
2010-06-23;0;0;0;0;76;0;0;
2010-06-24;0;0;0;0;30;0;0;
2010-06-25;0;0;0;0;33;0;0;
2010-06-26;0;0;0;0;11;0;0;
2010-06-27;0;0;0;0;22;0;0;114
2010-06-28;0;0;0;0;16;0;0;126
2010-06-29;0;0;0;0;20;0;0;69
2010-06-30;0;0;0;0;8;0;0;102
2010-07-01;0;0;0;0;13;0;0;142
2010-07-02;0;0;0;0;19;0;0;170
2010-07-03;0;0;0;0;25;0;0;154
2010-07-04;0;0;0;0;22;0;0;94
2010-07-05;0;0;0;0;10;0;0;97
2010-07-06;0;0;0;0;28;0;0;148
2010-07-07;0;0;0;0;31;0;0;120
2010-07-08;0;0;0;0;29;0;0;122
2010-07-09;0;0;0;0;22;0;0;133
2010-07-10;0;0;0;0;19;0;0;145
2010-07-11;0;0;0;0;15;0;0;244
2010-07-12;0;0;0;0;21;0;0;209
2010-07-13;0;0;0;0;24;0;0;130
2010-07-14;0;0;0;0;18;0;0;91
2010-07-15;0;0;0;0;12;0;0;103
2010-07-16;0;0;0;0;17;0;0;146
2010-07-17;0;0;0;0;3;0;0;70
2010-07-18;0;0;0;0;2;0;0;15
2010-07-19;0;0;0;0;12;0;0;85
2010-07-20;0;0;0;0;20;0;0;108
2010-07-21;0;0;0;0;1;0;0;35
2010-07-22;0;0;0;0;10;0;0;54
2010-07-23;;;;;;;;
2010-07-24;;;;;;;;
2010-07-25;;;;;;;;
2010-07-26;;;;;;;;
2010-07-27;0;0;0;0;4;0;0;14
2010-07-28;0;0;0;0;4;0;0;23
2010-07-29;0;0;0;0;1;0;0;9
2010-07-30;0;0;0;0;4;0;0;7
2010-07-31;0;0;0;0;13;0;0;31
2010-08-01;0;0;0;0;6;0;0;32
2010-08-02;0;0;0;0;5;0;0;14
2010-08-03;0;0;0;0;0;0;0;2
2010-08-04;;;;;;;;
2010-08-05;;;;;;;;
2010-08-06;;;;;;;;
2010-08-07;;;;;;;;
2010-08-08;;;;;;;;
2010-08-09;;;;;;;;
2010-08-10;0;0;0;0;4;0;0;26
2010-08-11;0;0;0;0;7;0;0;54
2010-08-12;0;0;0;0;5;0;0;12
2010-08-13;0;0;0;0;0;0;0;26
2010-08-14;0;0;0;0;1;0;0;40
2010-08-15;0;0;0;0;2;0;0;45
2010-08-16;0;0;1;0;3;0;0;12
2010-08-17;0;0;0;0;0;0;0;33
2010-08-18;0;0;0;0;3;0;0;62
2010-08-19;0;0;0;0;6;0;0;59
2010-08-20;0;0;1;0;4;0;0;76
2010-08-21;0;0;0;0;4;0;0;67
2010-08-22;0;0;0;0;2;0;0;36
2010-08-23;0;0;0;0;1;0;0;53
2010-08-24;0;0;0;0;2;0;0;31
2010-08-25;0;0;0;0;5;0;0;57
2010-08-26;0;0;0;0;2;0;0;18
2010-08-27;0;0;0;0;0;0;0;25
2010-08-28;0;0;0;0;0;0;0;14
2010-08-29;0;0;0;0;2;0;0;24
2010-08-30;0;0;1;0;0;0;0;14
2010-08-31;0;0;0;0;0;0;0;17
2010-09-01;0;0;0;0;1;0;0;29
2010-09-02;0;0;0;0;1;0;0;23
2010-09-03;0;0;0;0;2;0;0;18
2010-09-04;0;0;0;0;1;0;0;16
2010-09-05;0;0;0;0;3;0;0;14
2010-09-06;0;0;0;0;4;0;0;15
2010-09-07;0;0;0;0;2;0;0;14
2010-09-08;0;0;0;0;4;0;0;5
2010-09-09;0;0;0;0;1;0;0;5
2010-09-10;0;0;0;0;1;0;0;8
2010-09-11;0;0;0;0;0;0;0;6
2010-09-12;0;0;0;0;2;0;0;9
2010-09-13;0;0;0;0;0;0;0;0
2010-09-14;0;0;0;0;0;0;0;1
2010-09-15;0;0;0;0;2;0;0;5
2010-09-16;0;0;0;0;1;0;0;5
2010-09-17;0;0;0;0;0;0;0;6
2010-09-18;0;0;0;0;1;0;0;5
2010-09-19;0;0;0;0;1;0;0;2
2010-09-20;0;0;0;0;1;0;0;4
2010-09-21;0;0;0;0;1;0;0;1
2010-09-22;0;0;0;0;0;0;0;2
2010-09-23;0;0;0;0;0;0;0;4
2010-09-24;0;0;0;0;0;0;0;5
2010-09-25;0;0;0;0;0;0;0;0
2010-09-26;0;0;0;0;0;0;0;3
2010-09-27;0;0;0;0;0;0;0;0
2010-09-28;0;0;0;0;1;0;0;2
2010-09-29;0;0;0;0;0;0;0;0
2010-09-30;0;0;0;0;1;0;0;0
2010-10-01;0;0;0;0;1;0;0;1
2010-10-02;0;0;0;0;0;0;0;0
2010-10-03;0;0;0;0;0;0;0;0
2010-10-04;0;0;0;0;0;0;0;0
2010-10-05;0;0;0;0;0;0;0;0
2010-10-06;0;0;0;0;0;0;0;0
2010-10-07;0;0;0;0;0;0;0;0
2010-10-08;0;0;0;0;1;0;0;0
2010-10-09;0;0;0;0;0;0;0;0
2010-10-10;0;0;0;0;1;0;0;0
2010-10-11;0;0;0;0;1;0;0;0
2010-10-12;0;0;0;0;0;0;0;0
2010-10-13;0;0;0;0;0;0;0;0
2010-10-14;0;0;0;0;0;0;0;0
2010-10-15;0;0;0;0;0;0;0;0
2010-10-16;0;0;0;0;0;0;0;0
2010-10-17;0;0;0;0;0;0;0;0
2010-10-18;0;0;0;0;0;0;0;0
2010-10-19;0;0;0;0;0;0;0;0
2010-10-20;0;0;0;0;0;0;0;0
2010-10-21;0;0;0;0;0;0;0;0
2010-10-22;0;0;0;0;0;0;0;0
2010-10-23;0;0;0;0;0;0;0;0
2010-10-24;0;0;0;0;0;0;0;0
2010-10-25;0;0;0;0;0;0;0;0
2010-10-26;0;0;0;0;0;0;0;0
2010-10-27;0;0;0;0;0;0;0;1
2010-10-28;0;0;0;0;2;0;0;0
2010-10-29;0;0;0;0;0;0;0;0
2010-10-30;0;0;0;0;0;0;0;0
2010-10-31;1;0;0;0;0;0;0;1
2010-11-01;0;0;0;0;1;0;0;0
2010-11-02;0;0;0;0;0;0;0;0
2010-11-03;;;;;;;;
2010-11-04;;;;;;;;
2010-11-05;;;;;;;;
2010-11-06;;;;;;;;
2010-11-07;;;;;;;;
2010-11-08;;;;;;;;
2010-11-09;;;;;;;;
2010-11-10;;;;;;;;
2010-11-11;;;;;;;;
2010-11-12;;;;;;;;
2010-11-13;;;;;;;;
2010-11-14;;;;;;;;
2010-11-15;;;;;;;;
2010-11-16;;;;;;;;
2010-11-17;;;;;;;;
2010-11-18;;;;;;;;
2010-11-19;;;;;;;;
2010-11-20;;;;;;;;
2010-11-21;;;;;;;;
2010-11-22;;;;;;;;
2010-11-23;;;;;;;;
2010-11-24;;;;;;;;
2010-11-25;;;;;;;;
2010-11-26;;;;;;;;
2010-11-27;;;;;;;;
2010-11-28;;;;;;;;
2010-11-29;;;;;;;;
2010-11-30;;;;;;;;
2010-12-01;;;;;;;;
2010-12-02;;;;;;;;
2010-12-03;;;;;;;;
2010-12-04;;;;;;;;
2010-12-05;;;;;;;;
2010-12-06;;;;;;;;
2010-12-07;;;;;;;;
2010-12-08;;;;;;;;
2010-12-09;;;;;;;;
2010-12-10;;;;;;;;
2010-12-11;;;;;;;;
2010-12-12;;;;;;;;
2010-12-13;;;;;;;;
2010-12-14;;;;;;;;
2010-12-15;;;;;;;;
2010-12-16;;;;;;;;
2010-12-17;;;;;;;;
2010-12-18;;;;;;;;
2010-12-19;;;;;;;;
2010-12-20;;;;;;;;
2010-12-21;;;;;;;;
2010-12-22;;;;;;;;
2010-12-23;;;;;;;;
2010-12-24;;;;;;;;
2010-12-25;;;;;;;;
2010-12-26;;;;;;;;
2010-12-27;;;;;;;;
2010-12-28;;;;;;;;
2010-12-29;;;;;;;;
2010-12-30;;;;;;;;
2010-12-31;;;;;;;;
2011-01-01;;;;;;;;
2011-01-02;;;;;;;;
2011-01-03;;;;;;;;
2011-01-04;;;;;;;;
2011-01-05;;;;;;;;
2011-01-06;;;;;;;;
2011-01-07;;;;;;;;
2011-01-08;;;;;;;;
2011-01-09;;;;;;;;
2011-01-10;;;;;;;;
2011-01-11;;;;;;;;
2011-01-12;;;;;;;;
2011-01-13;;;;;;;;
2011-01-14;;;;;;;;
2011-01-15;;;;;;;;
2011-01-16;;;;;;;;
2011-01-17;;;;;;;;
2011-01-18;;;;;;;;
2011-01-19;;;;;;;;
2011-01-20;;;;;;;;
2011-01-21;;;;;;;;
2011-01-22;;;;;;;;
2011-01-23;;;;;;;;
2011-01-24;;;;;;;;
2011-01-25;;;;;;;;
2011-01-26;;;;;;;;
2011-01-27;;;;;;;;
2011-01-28;;;;;;;;
2011-01-29;;;;;;;;
2011-01-30;;;;;;;;
2011-01-31;;;;;;;;
2011-02-01;;;;;;;;
2011-02-02;;;;;;;;
2011-02-03;;;;;;;;
2011-02-04;;;;;;;;
2011-02-05;;;;;;;;
2011-02-06;;;;;;;;
2011-02-07;;;;;;;;
2011-02-08;10;0;0;0;0;0;0;0
2011-02-09;11;0;0;0;0;0;0;0
2011-02-10;48;0;0;0;0;0;0;0
2011-02-11;88;0;2;0;0;0;0;0
2011-02-12;30;0;3;0;0;0;0;0
2011-02-13;11;0;0;0;0;0;0;0
2011-02-14;8;0;0;0;0;0;0;0
2011-02-15;11;0;0;0;0;0;0;0
2011-02-16;7;0;0;0;0;0;0;0
2011-02-17;15;0;0;0;0;0;0;0
2011-02-18;12;0;0;0;0;0;0;0
2011-02-19;6;0;1;0;0;0;0;0
2011-02-20;53;0;0;0;0;0;0;0
2011-02-21;13;0;0;0;0;0;0;0
2011-02-22;15;0;0;0;0;0;0;0
2011-02-23;20;0;0;0;0;0;0;0
2011-02-24;19;0;0;0;0;0;0;0
2011-02-25;25;0;0;0;0;0;0;0
2011-02-26;34;0;1;0;0;0;0;0
2011-02-27;5;0;3;0;0;0;0;0
2011-02-28;55;0;0;0;0;0;0;0
2011-03-01;73;0;1;0;0;0;0;0
2011-03-02;83;0;3;0;0;0;0;0
2011-03-03;26;0;0;0;0;0;0;0
2011-03-04;7;0;0;0;0;0;0;0
2011-03-05;7;0;2;0;0;0;0;0
2011-03-06;33;0;33;1;0;0;1;0
2011-03-07;48;0;7;0;0;0;0;0
2011-03-08;44;0;64;0;0;0;0;0
2011-03-09;78;0;895;0;0;0;0;0
2011-03-10;187;0;646;1;0;0;2;0
2011-03-11;96;0;123;4;0;0;5;0
2011-03-12;179;0;310;0;0;0;3;0
2011-03-13;347;0;1512;0;0;0;9;0
2011-03-14;181;0;2340;0;0;0;20;0
2011-03-15;669;0;1406;0;0;0;19;0
2011-03-16;343;0;407;0;0;0;48;0
2011-03-17;56;0;77;2;0;0;39;0
2011-03-18;14;0;70;4;0;0;0;0
2011-03-19;72;0;53;2;0;0;9;0
2011-03-20;82;0;0;0;0;0;39;0
2011-03-21;77;0;99;0;0;0;34;0
2011-03-22;31;0;279;0;0;0;42;0
2011-03-23;28;0;1606;1;0;0;37;0
2011-03-24;30;0;780;21;0;0;60;0
2011-03-25;40;2;915;141;0;0;44;0
2011-03-26;8;3;209;361;1;0;16;0
2011-03-27;0;0;1;9;0;0;0;0
2011-03-28;3;0;49;70;0;5;7;0
2011-03-29;1;0;87;160;0;0;34;0
2011-03-30;3;2;146;673;0;3;22;0
2011-03-31;4;0;96;664;0;2;5;0
2011-04-01;1;3;33;465;0;3;7;0
2011-04-02;1;6;137;1660;0;4;5;0
2011-04-03;1;75;234;1208;0;2;7;0
2011-04-04;0;465;129;624;0;4;3;0
2011-04-05;1;58;36;159;0;0;1;0
2011-04-06;0;301;66;265;0;10;0;0
2011-04-07;2;1184;184;256;0;22;1;0
2011-04-08;0;1324;60;114;2;25;0;0
2011-04-09;0;702;13;38;0;14;0;0
2011-04-10;0;260;7;65;0;1;1;0
2011-04-11;0;190;3;22;1;4;0;0
2011-04-12;0;475;10;44;0;76;0;0
2011-04-13;1;77;12;14;0;21;0;0
2011-04-14;2;37;2;6;0;5;0;0
2011-04-15;0;27;4;3;0;3;0;0
2011-04-16;1;23;4;5;0;11;0;0
2011-04-17;0;58;5;11;0;13;0;0
2011-04-18;0;79;16;14;0;19;0;0
2011-04-19;0;54;6;9;0;35;0;0
2011-04-20;1;59;15;4;0;71;0;0
2011-04-21;0;168;51;3;1;169;1;0
2011-04-22;0;51;45;0;3;230;0;0
2011-04-23;0;105;16;9;7;271;0;1
2011-04-24;0;107;16;2;6;211;0;0
2011-04-25;1;83;73;2;5;237;0;1
2011-04-26;1;27;2;5;1;71;0;0
2011-04-27;0;12;5;0;0;46;0;1
2011-04-28;0;21;9;4;9;46;0;3
2011-04-29;1;30;63;2;6;124;0;4
2011-04-30;0;12;28;0;13;30;0;2
2011-05-01;0;3;2;1;1;15;0;0
2011-05-02;0;7;4;3;1;18;0;0
2011-05-03;0;8;3;1;2;24;0;0
2011-05-04;0;5;3;0;3;6;0;0
2011-05-05;0;1;2;0;10;15;0;1
2011-05-06;0;1;1;0;11;9;0;0
2011-05-07;0;4;3;0;14;18;0;0
2011-05-08;0;11;3;2;26;62;0;2
2011-05-09;0;8;2;4;18;68;0;0
2011-05-10;1;3;0;0;4;13;0;0
2011-05-11;0;0;4;0;13;12;0;0
2011-05-12;0;5;0;0;14;23;0;0
2011-05-13;0;3;0;1;20;22;0;2
2011-05-14;0;1;0;0;7;7;0;0
2011-05-15;2;1;0;1;5;5;0;0
2011-05-16;0;3;0;0;4;7;0;0
2011-05-17;0;0;0;0;14;3;0;1
2011-05-18;2;0;0;0;18;5;0;1
2011-05-19;8;2;3;1;30;5;0;0
2011-05-20;2;0;2;0;15;1;0;1
2011-05-21;0;0;1;0;28;2;0;0
2011-05-22;1;1;2;0;35;7;0;1
2011-05-23;1;0;0;1;53;1;0;1
2011-05-24;0;2;0;0;80;1;0;0
2011-05-25;1;2;1;0;163;4;0;3
2011-05-26;23;1;5;0;90;4;0;1
2011-05-27;0;0;0;0;14;1;0;0
2011-05-28;2;0;0;0;29;2;0;2
2011-05-29;0;0;0;0;55;0;0;3
2011-05-30;1;0;1;0;93;0;0;4
2011-05-31;3;0;3;0;60;0;0;6
2011-06-01;0;0;0;0;0;0;0;0
2011-06-02;0;0;0;0;8;0;0;10
2011-06-03;0;0;0;0;67;0;0;9
2011-06-04;0;0;1;0;121;0;0;14
2011-06-05;5;0;2;0;75;1;0;4
2011-06-06;0;0;0;0;45;0;0;3
2011-06-07;0;0;0;0;38;0;0;10
2011-06-08;1;0;0;0;39;0;0;6
2011-06-09;0;0;0;0;10;0;0;11
2011-06-10;0;0;0;0;26;8;0;19
2011-06-11;0;0;0;0;13;0;0;2
2011-06-12;0;0;0;0;16;0;0;6
2011-06-13;0;0;0;0;26;0;0;8
2011-06-14;0;0;0;0;7;0;0;10
2011-06-15;0;1;0;0;34;0;0;21
2011-06-16;0;0;0;0;28;0;0;14
2011-06-17;0;0;6;0;18;0;0;25
2011-06-18;0;0;0;0;1;0;0;0
2011-06-19;0;0;1;0;24;1;0;13
2011-06-20;0;1;0;0;14;1;0;19
2011-06-21;0;0;0;0;23;0;0;15
2011-06-22;1;0;0;0;16;0;0;16
2011-06-23;0;0;0;0;2;0;0;4
2011-06-24;0;0;0;0;9;0;0;18
2011-06-25;0;0;1;0;36;0;0;38
2011-06-26;0;0;2;0;31;0;0;95
2011-06-27;0;1;0;0;55;0;0;48
2011-06-28;0;0;0;0;30;0;0;59
2011-06-29;0;0;0;0;39;0;0;112
2011-06-30;0;0;0;0;14;0;0;44
2011-07-01;0;0;0;0;1;0;0;24
2011-07-02;0;0;0;0;3;0;0;45
2011-07-03;1;0;0;0;11;0;0;66
2011-07-04;0;0;1;0;16;0;0;127
2011-07-05;0;0;0;0;10;0;0;33
2011-07-06;0;0;0;0;14;0;0;37
2011-07-07;0;0;1;0;15;0;0;46
2011-07-08;0;0;0;0;0;0;0;2
2011-07-09;;;;;;;;
2011-07-10;;;;;;;;
2011-07-11;;;;;;;;
2011-07-12;0;0;0;0;30;0;0;250
2011-07-13;0;0;0;0;3;0;0;58
2011-07-14;0;0;0;0;0;0;0;36
2011-07-15;0;0;1;0;10;0;0;86
2011-07-16;0;0;0;0;13;0;0;90
2011-07-17;0;0;1;0;21;0;0;98
2011-07-18;0;0;0;0;0;0;0;5
2011-07-19;0;0;0;0;11;0;0;86
2011-07-20;0;0;0;0;0;0;0;1
2011-07-21;0;0;1;0;10;0;0;95
2011-07-22;0;0;0;0;1;0;0;24
2011-07-23;0;0;0;0;0;0;0;9
2011-07-24;0;0;0;0;1;0;0;32
2011-07-25;0;0;2;0;1;0;0;42
2011-07-26;0;0;0;0;11;0;0;87
2011-07-27;0;0;0;0;10;0;0;105
2011-07-28;0;0;0;0;3;0;0;63
2011-07-29;0;0;0;0;3;0;0;44
2011-07-30;0;0;0;0;1;0;0;95
2011-07-31;0;0;0;0;7;0;0;131
2011-08-01;0;0;0;0;2;0;0;190
2011-08-02;0;0;0;0;16;0;0;91
2011-08-03;0;0;0;0;3;0;0;105
2011-08-04;0;0;0;0;1;0;0;161
2011-08-05;0;0;0;0;1;0;0;50
2011-08-06;0;0;0;0;1;0;0;70
2011-08-07;0;0;0;0;1;0;0;15
2011-08-08;0;1;1;0;6;0;0;93
2011-08-09;0;0;0;0;6;0;0;22
2011-08-10;0;0;0;0;4;0;0;64
2011-08-11;0;0;0;0;3;0;0;78
2011-08-12;0;0;0;0;18;0;0;123
2011-08-13;0;0;0;0;2;0;0;62
2011-08-14;0;0;0;0;5;0;0;97
2011-08-15;0;0;0;0;0;0;0;48
2011-08-16;0;0;1;0;0;0;0;55
2011-08-17;0;0;1;0;2;0;0;83
2011-08-18;0;0;0;0;3;0;0;36
2011-08-19;0;0;1;0;4;0;0;28
2011-08-20;0;0;0;0;1;0;0;29
2011-08-21;0;0;0;0;2;0;0;39
2011-08-22;0;0;0;0;2;0;0;53
2011-08-23;0;0;0;0;2;0;0;32
2011-08-24;0;0;0;0;4;0;0;31
2011-08-25;0;0;0;0;5;0;0;51
2011-08-26;0;0;0;0;3;0;0;11
2011-08-27;0;0;0;0;1;0;0;14
2011-08-28;0;0;0;0;0;0;0;17
2011-08-29;0;0;0;0;2;0;0;14
2011-08-30;0;0;0;0;2;0;0;30
2011-08-31;0;0;0;0;2;0;0;25
2011-09-01;0;0;0;0;0;0;0;4
2011-09-02;0;0;0;0;4;0;0;13
2011-09-03;0;0;0;0;3;0;0;28
2011-09-04;0;0;0;0;2;0;0;35
2011-09-05;0;0;0;0;0;0;0;4
2011-09-06;0;0;0;0;3;0;0;9
2011-09-07;0;0;0;0;1;0;0;8
2011-09-08;0;0;0;0;0;0;0;4
2011-09-09;0;0;0;0;1;0;0;5
2011-09-10;0;0;0;0;5;0;0;17
2011-09-11;0;0;0;0;2;0;0;19
2011-09-12;0;0;0;0;2;0;0;6
2011-09-13;1;0;0;0;1;0;0;3
2011-09-14;0;0;0;0;2;0;0;6
2011-09-15;0;0;0;0;2;0;0;11
2011-09-16;0;1;0;0;0;0;0;6
2011-09-17;0;0;0;0;3;0;0;3
2011-09-18;0;0;0;0;0;0;0;0
2011-09-19;0;0;0;0;0;0;0;0
2011-09-20;1;1;0;0;0;0;0;2
2011-09-21;0;0;0;0;0;0;0;0
2011-09-22;0;0;0;0;0;0;0;2
2011-09-23;0;0;0;0;0;0;0;2
2011-09-24;0;0;0;0;0;0;0;1
2011-09-25;0;0;0;0;0;0;0;2
2011-09-26;0;0;0;0;1;0;0;1
2011-09-27;0;0;0;0;0;0;0;3
2011-09-28;0;0;1;0;2;0;0;0
2011-09-29;0;0;0;0;0;0;0;1
2011-09-30;0;0;0;0;0;0;0;0
2011-10-01;0;0;1;0;1;0;0;1
2011-10-02;0;0;0;0;0;0;0;0
2011-10-03;0;0;0;0;2;0;0;1
2011-10-04;0;0;0;0;0;0;0;1
2011-10-05;0;0;0;0;0;0;0;0
2011-10-06;0;0;0;0;2;0;0;0
2011-10-07;0;0;0;0;0;0;0;1
2011-10-08;0;0;0;0;0;0;0;0
2011-10-09;0;0;0;0;0;0;0;0
2011-10-10;0;0;0;0;0;0;0;0
2011-10-11;0;0;0;0;0;0;0;0
2011-10-12;0;0;0;0;0;0;0;0
2011-10-13;0;0;0;0;0;0;0;0
2011-10-14;0;0;0;0;0;0;0;0
2011-10-15;0;0;0;0;0;0;0;0
2011-10-16;0;0;0;0;0;0;0;0
2011-10-17;0;0;0;0;0;0;0;0
2011-10-18;0;0;0;0;0;0;0;0
2011-10-19;0;0;0;0;0;0;0;0
2011-10-20;0;0;0;0;0;0;0;0
2011-10-21;0;0;0;0;0;0;0;0
2011-10-22;0;0;0;0;0;0;0;0
2011-10-23;0;0;0;0;0;0;0;0
2011-10-24;0;0;0;0;0;0;0;0
2011-10-25;0;0;0;0;0;0;0;0
2011-10-26;0;0;0;0;0;0;0;1
2011-10-27;0;0;0;0;0;0;0;0
2011-10-28;;;;;;;;
2011-10-29;;;;;;;;
2011-10-30;;;;;;;;
2011-10-31;;;;;;;;
2011-11-01;;;;;;;;
2011-11-02;;;;;;;;
2011-11-03;;;;;;;;
2011-11-04;;;;;;;;
2011-11-05;;;;;;;;
2011-11-06;;;;;;;;
2011-11-07;;;;;;;;
2011-11-08;;;;;;;;
2011-11-09;;;;;;;;
2011-11-10;;;;;;;;
2011-11-11;;;;;;;;
2011-11-12;;;;;;;;
2011-11-13;;;;;;;;
2011-11-14;;;;;;;;
2011-11-15;;;;;;;;
2011-11-16;;;;;;;;
2011-11-17;;;;;;;;
2011-11-18;;;;;;;;
2011-11-19;;;;;;;;
2011-11-20;;;;;;;;
2011-11-21;;;;;;;;
2011-11-22;;;;;;;;
2011-11-23;;;;;;;;
2011-11-24;;;;;;;;
2011-11-25;;;;;;;;
2011-11-26;;;;;;;;
2011-11-27;;;;;;;;
2011-11-28;;;;;;;;
2011-11-29;;;;;;;;
2011-11-30;;;;;;;;
2011-12-01;;;;;;;;
2011-12-02;;;;;;;;
2011-12-03;;;;;;;;
2011-12-04;;;;;;;;
2011-12-05;;;;;;;;
2011-12-06;;;;;;;;
2011-12-07;;;;;;;;
2011-12-08;;;;;;;;
2011-12-09;;;;;;;;
2011-12-10;;;;;;;;
2011-12-11;;;;;;;;
2011-12-12;;;;;;;;
2011-12-13;;;;;;;;
2011-12-14;;;;;;;;
2011-12-15;;;;;;;;
2011-12-16;;;;;;;;
2011-12-17;;;;;;;;
2011-12-18;;;;;;;;
2011-12-19;;;;;;;;
2011-12-20;;;;;;;;
2011-12-21;;;;;;;;
2011-12-22;;;;;;;;
2011-12-23;;;;;;;;
2011-12-24;;;;;;;;
2011-12-25;;;;;;;;
2011-12-26;;;;;;;;
2011-12-27;;;;;;;;
2011-12-28;;;;;;;;
2011-12-29;;;;;;;;
2011-12-30;;;;;;;;
2011-12-31;;;;;;;;
2012-01-01;;;;;;;;
2012-01-02;;;;;;;;
2012-01-03;;;;;;;;
2012-01-04;;;;;;;;
2012-01-05;;;;;;;;
2012-01-06;;;;;;;;
2012-01-07;;;;;;;;
2012-01-08;;;;;;;;
2012-01-09;;;;;;;;
2012-01-10;;;;;;;;
2012-01-11;;;;;;;;
2012-01-12;;;;;;;;
2012-01-13;;;;;;;;
2012-01-14;;;;;;;;
2012-01-15;;;;;;;;
2012-01-16;;;;;;;;
2012-01-17;;;;;;;;
2012-01-18;;;;;;;;
2012-01-19;;;;;;;;
2012-01-20;;;;;;;;
2012-01-21;;;;;;;;
2012-01-22;;;;;;;;
2012-01-23;;;;;;;;
2012-01-24;;;;;;;;
2012-01-25;;;;;;;;
2012-01-26;;;;;;;;
2012-01-27;;;;;;;;
2012-01-28;;;;;;;;
2012-01-29;;;;;;;;
2012-01-30;;;;;;;;
2012-01-31;;;;;;;;
2012-02-01;;;;;;;;
2012-02-02;;;;;;;;
2012-02-03;;;;;;;;
2012-02-04;;;;;;;;
2012-02-05;;;;;;;;
2012-02-06;;;;;;;;
2012-02-07;;;;;;;;
2012-02-08;;;;;;;;
2012-02-09;;;;;;;;
2012-02-10;;;;;;;;
2012-02-11;;;;;;;;
2012-02-12;;;;;;;;
2012-02-13;;;;;;;;
2012-02-14;;;;;;;;
2012-02-15;;;;;;;;
2012-02-16;;;;;;;;
2012-02-17;;;;;;;;
2012-02-18;;;;;;;;
2012-02-19;;;;;;;;
2012-02-20;;;;;;;;
2012-02-21;;;;;;;;
2012-02-22;0;0;0;0;0;0;0;0
2012-02-23;0;0;0;0;0;0;0;0
2012-02-24;0;0;0;0;0;0;0;0
2012-02-25;0;0;0;0;0;0;0;0
2012-02-26;0;0;0;0;0;0;0;0
2012-02-27;2;0;0;0;0;0;0;0
2012-02-28;8;0;0;0;0;0;0;0
2012-02-29;3;0;0;0;0;0;0;0
2012-03-01;2;0;0;0;0;0;0;0
2012-03-02;4;0;0;0;0;0;0;0
2012-03-03;7;0;0;0;0;0;0;0
2012-03-04;58;0;2;0;0;0;0;0
2012-03-05;32;0;1;0;0;0;0;0
2012-03-06;16;0;1;0;0;0;0;0
2012-03-07;30;0;3;0;0;0;0;0
2012-03-08;45;0;2;0;0;0;0;0
2012-03-09;17;0;1;0;0;0;0;0
2012-03-10;20;0;4;0;0;0;0;0
2012-03-11;13;0;5;0;0;0;0;0
2012-03-12;33;0;18;0;0;0;0;0
2012-03-13;72;0;19;0;0;0;0;0
2012-03-14;157;0;52;0;0;0;0;0
2012-03-15;59;0;266;4;0;0;0;0
2012-03-16;39;0;620;0;0;1;1;0
2012-03-17;88;0;1992;3;0;2;16;0
2012-03-18;46;0;2380;2;0;3;21;0
2012-03-19;0;0;11;0;0;0;0;0
2012-03-20;2;0;11;1;0;0;3;0
2012-03-21;4;0;343;0;0;1;28;0
2012-03-22;5;0;213;0;0;0;8;0
2012-03-23;1;0;391;1;0;0;28;0
2012-03-24;2;0;365;2;0;2;25;0
2012-03-25;0;0;82;0;0;0;6;0
2012-03-26;2;0;136;2;0;0;8;0
2012-03-27;3;3;42;51;0;0;4;0
2012-03-28;3;4;48;107;0;3;6;0
2012-03-29;7;153;300;447;0;9;5;0
2012-03-30;1;74;24;132;0;2;1;0
2012-03-31;2;45;27;190;0;4;0;0
2012-04-01;1;19;21;80;0;1;0;0
2012-04-02;0;14;12;183;0;0;0;0
2012-04-03;1;124;18;320;0;2;1;0
2012-04-04;1;242;21;368;0;4;0;0
2012-04-05;0;98;10;121;0;0;0;0
2012-04-06;0;4;0;3;0;0;0;0
2012-04-07;0;62;0;80;0;1;0;0
2012-04-08;0;163;4;117;0;1;0;0
2012-04-09;1;92;23;83;0;2;0;0
2012-04-10;0;36;3;26;0;0;0;0
2012-04-11;0;10;1;3;0;0;0;0
2012-04-12;0;91;31;41;0;4;0;0
2012-04-13;0;8;0;27;0;0;0;0
2012-04-14;0;253;2;62;0;6;0;0
2012-04-15;0;152;0;42;0;0;0;0
2012-04-16;0;70;0;7;0;0;0;0
2012-04-17;0;247;2;26;0;0;0;0
2012-04-18;0;153;0;20;0;0;0;0
2012-04-19;0;1172;5;24;0;4;0;0
2012-04-20;0;191;11;12;0;6;0;0
2012-04-21;0;308;2;22;0;8;0;0
2012-04-22;0;96;6;0;0;7;0;0
2012-04-23;0;144;1;11;0;8;0;0
2012-04-24;0;193;0;3;0;4;0;0
2012-04-25;0;497;3;9;0;11;0;0
2012-04-26;0;548;3;18;1;7;0;0
2012-04-27;0;520;40;17;6;17;0;0
2012-04-28;1;532;190;23;0;71;0;0
2012-04-29;1;325;93;9;3;80;0;0
2012-04-30;0;179;73;4;1;207;0;0
2012-05-01;0;96;10;5;5;131;0;0
2012-05-02;0;92;13;0;4;210;0;0
2012-05-03;0;4;5;0;7;39;0;0
2012-05-04;0;13;11;4;12;86;0;0
2012-05-05;2;16;0;3;11;65;0;0
2012-05-06;0;1;3;0;1;6;0;0
2012-05-07;0;6;1;0;3;32;0;0
2012-05-08;1;12;0;1;6;43;0;0
2012-05-09;0;11;1;0;11;31;0;0
2012-05-10;1;6;0;0;9;38;0;0
2012-05-11;2;8;4;4;9;22;0;0
2012-05-12;0;2;0;0;9;9;0;0
2012-05-13;0;2;1;0;5;27;0;0
2012-05-14;1;6;0;0;2;5;0;0
2012-05-15;0;16;1;0;7;7;0;0
2012-05-16;0;4;0;0;2;5;0;0
2012-05-17;0;3;0;0;0;5;0;1
2012-05-18;0;5;0;1;2;3;0;0
2012-05-19;1;6;1;0;15;7;0;0
2012-05-20;0;0;2;0;31;1;0;0
2012-05-21;1;6;1;0;46;6;0;1
2012-05-22;0;3;0;0;29;1;0;1
2012-05-23;0;7;0;0;36;3;0;0
2012-05-24;2;9;0;0;43;6;0;2
2012-05-25;3;10;6;0;84;1;0;1
2012-05-26;1;3;1;0;65;4;0;1
2012-05-27;0;4;0;0;78;0;0;6
2012-05-28;0;5;0;0;68;0;0;2
2012-05-29;0;0;0;0;43;0;0;8
2012-05-30;0;4;0;0;51;3;0;14
2012-05-31;0;1;0;0;74;2;0;10
2012-06-01;0;0;0;0;48;0;0;7
2012-06-02;0;1;0;0;71;0;0;34
2012-06-03;0;0;0;0;35;1;0;16
2012-06-04;0;1;0;0;12;1;0;8
2012-06-05;0;2;2;0;8;0;0;14
2012-06-06;1;0;0;0;24;0;0;5
2012-06-07;1;1;5;0;77;0;0;32
2012-06-08;1;1;0;0;10;0;0;0
2012-06-09;0;0;0;0;7;0;0;12
2012-06-10;0;0;0;0;3;0;0;9
2012-06-11;0;0;0;0;16;0;0;9
2012-06-12;0;0;0;0;17;0;0;5
2012-06-13;0;1;0;0;13;2;0;35
2012-06-14;0;0;0;0;28;0;0;27
2012-06-15;13;1;0;0;70;0;0;51
2012-06-16;33;1;7;0;71;0;0;64
2012-06-17;5;0;14;0;81;0;0;148
2012-06-18;15;0;7;0;33;0;0;86
2012-06-19;2;0;0;0;31;0;0;107
2012-06-20;0;0;1;0;8;0;0;67
2012-06-21;1;1;1;0;18;0;0;135
2012-06-22;0;0;0;0;18;0;0;98
2012-06-23;0;0;0;0;24;0;0;114
2012-06-24;1;0;0;0;35;0;0;96
2012-06-25;0;0;0;0;7;0;0;48
2012-06-26;0;0;0;0;25;0;0;115
2012-06-27;0;0;0;0;12;0;0;105
2012-06-28;0;0;0;0;27;0;0;133
2012-06-29;0;0;0;0;24;0;0;93
2012-06-30;0;0;1;0;27;0;0;148
2012-07-01;0;0;0;0;24;0;0;49
2012-07-02;0;0;1;0;3;0;0;29
2012-07-03;0;0;0;0;4;0;0;125
2012-07-04;0;0;0;0;11;0;0;165
2012-07-05;0;0;0;0;12;0;0;98
2012-07-06;0;0;0;0;5;0;0;85
2012-07-07;0;0;0;0;1;0;0;24
2012-07-08;1;0;0;0;26;1;0;105
2012-07-09;0;0;0;0;11;0;0;53
2012-07-10;0;0;1;0;15;0;0;66
2012-07-11;0;0;0;0;9;0;0;30
2012-07-12;0;1;1;0;12;0;0;34
2012-07-13;0;1;0;0;11;0;0;45
2012-07-14;0;0;0;0;24;0;0;45
2012-07-15;0;1;0;0;5;0;0;16
2012-07-16;0;0;0;0;9;0;0;58
2012-07-17;0;0;0;0;24;0;0;79
2012-07-18;0;0;0;0;26;0;0;138
2012-07-19;0;0;0;0;24;0;0;114
2012-07-20;0;0;0;0;1;0;0;33
2012-07-21;0;0;0;0;5;0;0;28
2012-07-22;0;0;0;0;6;0;0;173
2012-07-23;0;0;0;0;15;0;0;116
2012-07-24;0;0;0;0;9;0;0;160
2012-07-25;0;0;0;0;4;0;0;76
2012-07-26;0;0;0;0;8;0;0;165
2012-07-27;0;0;0;0;10;0;0;120
2012-07-28;0;0;0;0;10;0;0;58
2012-07-29;0;0;0;0;0;0;0;27
2012-07-30;0;0;0;0;12;0;0;109
2012-07-31;0;0;0;0;10;0;0;66
2012-08-01;0;0;0;0;15;0;0;94
2012-08-02;0;0;0;0;14;0;0;124
2012-08-03;0;0;0;0;1;0;0;103
2012-08-04;0;0;1;0;0;0;0;117
2012-08-05;0;0;0;0;1;0;0;96
2012-08-06;0;0;0;0;3;0;0;39
2012-08-07;0;0;0;0;2;0;0;59
2012-08-08;0;0;0;0;7;0;0;146
2012-08-09;0;0;0;0;3;0;0;81
2012-08-10;0;0;1;0;7;0;0;111
2012-08-11;0;0;0;0;2;0;0;141
2012-08-12;0;2;0;0;5;0;0;87
2012-08-13;0;0;0;0;1;0;0;70
2012-08-14;0;0;0;0;2;0;0;94
2012-08-15;0;0;0;0;1;0;0;99
2012-08-16;0;0;0;0;1;0;0;89
2012-08-17;0;0;0;0;4;0;0;130
2012-08-18;0;0;0;0;6;0;0;102
2012-08-19;0;0;0;0;0;0;0;82
2012-08-20;0;0;1;0;2;0;0;54
2012-08-21;0;1;0;0;2;0;0;47
2012-08-22;0;0;0;0;1;0;0;29
2012-08-23;0;0;0;0;0;0;0;39
2012-08-24;0;0;0;0;0;0;0;3
2012-08-25;0;0;0;0;0;0;0;4
2012-08-26;0;0;0;0;7;0;0;4
2012-08-27;0;1;0;0;2;0;0;30
2012-08-28;0;0;0;0;8;0;0;5
2012-08-29;0;0;0;0;5;0;0;6
2012-08-30;0;0;1;0;0;0;0;2
2012-08-31;0;0;0;0;0;0;0;0
2012-09-01;0;0;0;0;0;0;0;0
2012-09-02;0;0;0;0;1;0;0;2
2012-09-03;0;0;0;0;1;0;0;1
2012-09-04;0;0;0;0;2;0;0;4
2012-09-05;0;0;0;0;2;0;0;2
2012-09-06;0;0;1;0;3;0;0;3
2012-09-07;0;0;0;0;0;0;0;2
2012-09-08;0;0;0;0;0;0;0;2
2012-09-09;0;0;0;0;2;0;0;4
2012-09-10;0;0;0;0;1;0;0;4
2012-09-11;0;0;0;0;1;0;0;4
2012-09-12;0;0;0;0;1;0;0;0
2012-09-13;0;0;0;0;0;0;0;5
2012-09-14;0;0;0;0;0;0;0;0
2012-09-15;0;0;0;0;0;0;0;3
2012-09-16;0;0;0;0;1;0;0;2
2012-09-17;0;0;1;0;0;0;0;2
2012-09-18;0;1;1;0;1;0;0;0
2012-09-19;0;0;1;0;0;0;0;0
2012-09-20;0;0;0;0;2;0;0;0
2012-09-21;0;0;0;0;0;0;0;1
2012-09-22;0;0;0;0;0;0;0;0
2012-09-23;0;0;0;0;0;0;0;1
2012-09-24;1;0;1;0;0;0;0;0
2012-09-25;0;0;0;0;0;0;0;0
2012-09-26;0;0;0;0;0;0;0;0
2012-09-27;0;0;0;0;0;0;0;0
2012-09-28;0;0;0;0;0;0;0;0
2012-09-29;0;0;0;0;0;0;0;1
2012-09-30;0;0;0;0;0;0;0;0
2012-10-01;0;0;0;0;0;0;0;0
2012-10-02;0;0;0;0;0;0;0;0
2012-10-03;0;0;0;0;0;0;0;0
2012-10-04;0;0;0;0;0;0;0;0
2012-10-05;0;0;0;0;0;0;0;0
2012-10-06;0;0;0;0;0;0;0;0
2012-10-07;0;0;5;0;0;0;0;0
2012-10-08;0;0;0;0;1;0;0;0
2012-10-09;0;0;0;0;0;0;0;0
2012-10-10;0;0;0;0;0;0;0;0
2012-10-11;0;0;0;0;1;0;0;0
2012-10-12;0;0;0;0;0;0;0;0
2012-10-13;0;0;0;0;0;0;0;0
2012-10-14;0;0;0;0;0;0;0;0
2012-10-15;0;0;0;0;0;0;0;0
2012-10-16;0;0;0;0;0;0;0;0
2012-10-17;0;0;0;0;0;0;0;0
2012-10-18;0;0;0;0;0;0;0;0
2012-10-19;0;0;0;0;0;0;0;0
2012-10-20;0;0;0;0;0;0;0;0
2012-10-21;0;0;0;0;0;0;0;0
2012-10-22;0;0;0;0;0;0;0;0
2012-10-23;0;1;0;0;0;0;0;0
2012-10-24;0;0;0;0;0;0;0;1
2012-10-25;0;0;0;0;0;0;0;0
2012-10-26;0;0;0;0;0;0;0;0
2012-10-27;0;0;0;0;0;0;0;0
2012-10-28;0;0;0;0;0;0;0;0
2012-10-29;0;0;0;0;0;0;0;0
2012-10-30;0;0;0;0;0;0;0;0
2012-10-31;0;0;0;0;0;0;0;0
2012-11-01;;;;;;;;
2012-11-02;;;;;;;;
2012-11-03;;;;;;;;
2012-11-04;;;;;;;;
2012-11-05;;;;;;;;
2012-11-06;;;;;;;;
2012-11-07;;;;;;;;
2012-11-08;;;;;;;;
2012-11-09;;;;;;;;
2012-11-10;;;;;;;;
2012-11-11;;;;;;;;
2012-11-12;;;;;;;;
2012-11-13;;;;;;;;
2012-11-14;;;;;;;;
2012-11-15;;;;;;;;
2012-11-16;;;;;;;;
2012-11-17;;;;;;;;
2012-11-18;;;;;;;;
2012-11-19;;;;;;;;
2012-11-20;;;;;;;;
2012-11-21;;;;;;;;
2012-11-22;;;;;;;;
2012-11-23;;;;;;;;
2012-11-24;;;;;;;;
2012-11-25;;;;;;;;
2012-11-26;;;;;;;;
2012-11-27;;;;;;;;
2012-11-28;;;;;;;;
2012-11-29;;;;;;;;
2012-11-30;;;;;;;;
2012-12-01;;;;;;;;
2012-12-02;;;;;;;;
2012-12-03;;;;;;;;
2012-12-04;;;;;;;;
2012-12-05;;;;;;;;
2012-12-06;;;;;;;;
2012-12-07;;;;;;;;
2012-12-08;;;;;;;;
2012-12-09;;;;;;;;
2012-12-10;;;;;;;;
2012-12-11;;;;;;;;
2012-12-12;;;;;;;;
2012-12-13;;;;;;;;
2012-12-14;;;;;;;;
2012-12-15;;;;;;;;
2012-12-16;;;;;;;;
2012-12-17;;;;;;;;
2012-12-18;;;;;;;;
2012-12-19;;;;;;;;
2012-12-20;;;;;;;;
2012-12-21;;;;;;;;
2012-12-22;;;;;;;;
2012-12-23;;;;;;;;
2012-12-24;;;;;;;;
2012-12-25;;;;;;;;
2012-12-26;;;;;;;;
2012-12-27;;;;;;;;
2012-12-28;;;;;;;;
2012-12-29;;;;;;;;
2012-12-30;;;;;;;;
2012-12-31;;;;;;;;
2013-01-01;;;;;;;;
2013-01-02;;;;;;;;
2013-01-03;;;;;;;;
2013-01-04;;;;;;;;
2013-01-05;;;;;;;;
2013-01-06;;;;;;;;
2013-01-07;;;;;;;;
2013-01-08;;;;;;;;
2013-01-09;;;;;;;;
2013-01-10;;;;;;;;
2013-01-11;;;;;;;;
2013-01-12;;;;;;;;
2013-01-13;;;;;;;;
2013-01-14;;;;;;;;
2013-01-15;;;;;;;;
2013-01-16;;;;;;;;
2013-01-17;;;;;;;;
2013-01-18;;;;;;;;
2013-01-19;;;;;;;;
2013-01-20;;;;;;;;
2013-01-21;;;;;;;;
2013-01-22;;;;;;;;
2013-01-23;;;;;;;;
2013-01-24;;;;;;;;
2013-01-25;;;;;;;;
2013-01-26;;;;;;;;
2013-01-27;;;;;;;;
2013-01-28;;;;;;;;
2013-01-29;0;0;0;0;0;0;0;0
2013-01-30;9;0;1;0;0;0;0;0
2013-01-31;27;0;2;0;0;0;0;0
2013-02-01;0;0;0;0;0;0;0;0
2013-02-02;3;0;0;0;0;0;0;0
2013-02-03;22;0;0;0;0;0;0;0
2013-02-04;1;0;0;0;0;0;0;0
2013-02-05;2;0;0;0;0;0;0;0
2013-02-06;;;;;;;;
2013-02-07;;;;;;;;
2013-02-08;;;;;;;;
2013-02-09;;;;;;;;
2013-02-10;;;;;;;;
2013-02-11;;;;;;;;
2013-02-12;;;;;;;;
2013-02-13;;;;;;;;
2013-02-14;;;;;;;;
2013-02-15;;;;;;;;
2013-02-16;;;;;;;;
2013-02-17;;;;;;;;
2013-02-18;;;;;;;;
2013-02-19;;;;;;;;
2013-02-20;;;;;;;;
2013-02-21;;;;;;;;
2013-02-22;;;;;;;;
2013-02-23;;;;;;;;
2013-02-24;;;;;;;;
2013-02-25;;;;;;;;
2013-02-26;;;;;;;;
2013-02-27;0;0;0;0;0;0;0;0
2013-02-28;0;0;0;0;0;0;0;0
2013-03-01;0;0;0;0;0;0;0;0
2013-03-02;2;0;0;0;0;0;0;0
2013-03-03;3;0;0;0;0;0;0;0
2013-03-04;19;0;0;0;0;0;0;0
2013-03-05;13;0;1;0;0;0;0;0
2013-03-06;47;0;1;0;0;0;0;0
2013-03-07;34;0;53;0;0;0;0;0
2013-03-08;264;0;144;0;0;0;0;0
2013-03-09;65;0;73;0;0;0;0;0
2013-03-10;163;0;277;1;0;0;0;0
2013-03-11;107;0;6;0;0;0;0;0
2013-03-12;16;0;41;0;0;0;0;0
2013-03-13;29;0;15;0;0;0;0;0
2013-03-14;86;0;12;0;0;0;1;0
2013-03-15;100;0;13;0;0;1;0;0
2013-03-16;113;0;15;0;0;0;0;0
2013-03-17;122;0;7;0;0;0;0;0
2013-03-18;37;0;25;0;0;0;0;0
2013-03-19;90;0;59;0;0;0;2;0
2013-03-20;135;0;720;0;0;0;6;0
2013-03-21;62;0;161;0;0;0;1;0
2013-03-22;85;0;35;0;0;0;5;0
2013-03-23;104;0;25;0;0;0;2;0
2013-03-24;67;1;13;0;0;0;0;0
2013-03-25;15;0;2;0;0;0;2;0
2013-03-26;4;0;4;0;0;0;1;0
2013-03-27;16;0;1;0;0;0;0;0
2013-03-28;30;0;1;0;0;0;3;0
2013-03-29;6;0;8;1;0;0;2;0
2013-03-30;3;0;0;0;0;0;0;0
2013-03-31;27;0;6;0;0;0;0;0
2013-04-01;28;0;7;0;0;0;4;0
2013-04-02;25;0;22;0;0;0;1;0
2013-04-03;11;2;17;0;0;0;0;0
2013-04-04;37;0;38;0;0;0;0;0
2013-04-05;15;0;25;0;0;0;1;0
2013-04-06;12;1;69;0;0;0;1;0
2013-04-07;9;0;18;0;0;0;1;0
2013-04-08;28;0;1623;0;0;0;14;0
2013-04-09;12;0;1650;0;0;0;12;0
2013-04-10;159;9;1010;2;0;0;20;0
2013-04-11;116;2;222;1;0;0;9;0
2013-04-12;68;16;1500;0;0;0;63;0
2013-04-13;20;8;427;14;0;0;46;0
2013-04-14;4;5;499;38;0;0;139;0
2013-04-15;2;2;204;4;0;0;247;0
2013-04-16;7;6;215;188;0;0;111;0
2013-04-17;4;52;257;772;0;0;51;0
2013-04-18;13;694;345;2475;0;28;13;0
2013-04-19;0;237;83;478;0;0;1;0
2013-04-20;6;75;12;425;0;1;0;0
2013-04-21;5;202;31;604;0;0;0;0
2013-04-22;1;267;5;280;0;0;0;0
2013-04-23;2;1084;33;217;0;0;2;0
2013-04-24;1;1896;323;525;0;1;3;0
2013-04-25;0;1544;97;440;0;0;6;0
2013-04-26;7;1924;63;247;0;18;3;0
2013-04-27;1;562;32;183;0;16;0;0
2013-04-28;1;44;4;7;0;0;0;0
2013-04-29;1;62;7;14;0;4;0;0
2013-04-30;3;87;6;13;0;5;0;0
2013-05-01;0;209;13;10;1;45;0;0
2013-05-02;0;44;1;4;1;17;1;0
2013-05-03;0;118;4;4;0;30;0;0
2013-05-04;0;79;2;7;0;28;0;0
2013-05-05;0;34;11;3;3;170;0;0
2013-05-06;0;19;41;1;4;308;0;0
2013-05-07;0;31;7;0;0;94;0;0
2013-05-08;0;13;13;1;2;278;0;0
2013-05-09;0;41;10;0;7;373;0;0
2013-05-10;0;0;1;0;1;9;0;0
2013-05-11;0;3;0;0;1;87;0;0
2013-05-12;0;7;0;0;3;115;0;0
2013-05-13;0;8;0;1;1;78;0;0
2013-05-14;2;8;0;1;5;30;0;0
2013-05-15;1;11;22;0;7;52;0;1
2013-05-16;0;9;41;0;10;47;0;0
2013-05-17;2;8;3;0;9;36;0;1
2013-05-18;2;11;1;1;9;16;0;0
2013-05-19;0;11;3;0;11;32;0;0
2013-05-20;0;5;1;1;6;16;0;0
2013-05-21;0;3;1;0;1;3;0;0
2013-05-22;1;3;1;0;0;5;0;0
2013-05-23;0;6;0;0;0;11;0;0
2013-05-24;0;0;0;0;5;4;0;0
2013-05-25;0;0;0;0;2;0;0;0
2013-05-26;0;2;1;0;1;11;0;0
2013-05-27;1;5;0;0;3;3;0;0
2013-05-28;0;1;0;0;6;1;0;0
2013-05-29;0;1;1;0;16;2;0;0
2013-05-30;0;0;0;0;1;0;0;0
2013-05-31;0;1;2;0;0;2;0;0
2013-06-01;0;0;0;0;0;1;0;0
2013-06-02;0;0;0;0;0;0;0;0
2013-06-03;0;0;0;0;0;0;0;0
2013-06-04;1;0;1;0;4;0;0;0
2013-06-05;0;2;1;0;56;1;0;6
2013-06-06;0;0;0;0;106;0;0;13
2013-06-07;0;0;0;0;81;0;0;5
2013-06-08;0;0;0;0;76;0;0;8
2013-06-09;1;2;1;0;108;0;0;5
2013-06-10;0;0;0;0;15;0;0;0
2013-06-11;0;0;0;0;8;0;0;16
2013-06-12;0;0;0;0;92;0;0;16
2013-06-13;3;0;4;0;166;0;0;14
2013-06-14;1;1;0;0;27;0;0;21
2013-06-15;1;0;1;0;80;3;0;17
2013-06-16;4;0;1;0;100;2;0;41
2013-06-17;38;1;5;0;88;1;0;50
2013-06-18;12;0;0;0;53;1;0;51
2013-06-19;10;0;3;0;54;0;0;113
2013-06-20;18;3;1;0;42;0;0;139
2013-06-21;1;0;0;0;22;0;0;108
2013-06-22;1;0;0;0;1;0;0;91
2013-06-23;1;0;0;0;20;0;0;36
2013-06-24;0;0;0;0;2;0;0;8
2013-06-25;0;1;0;0;6;0;0;35
2013-06-26;0;0;2;0;16;0;0;47
2013-06-27;0;0;0;0;5;0;0;32
2013-06-28;0;0;0;0;4;0;0;24
2013-06-29;0;0;0;0;7;0;0;58
2013-06-30;0;0;0;0;22;0;0;137
2013-07-01;0;1;0;0;29;0;0;136
2013-07-02;0;0;1;0;49;0;0;58
2013-07-03;0;0;0;0;12;0;0;13
2013-07-04;0;1;1;0;6;0;0;46
2013-07-05;0;0;0;0;29;0;0;94
2013-07-06;0;0;0;0;44;0;0;74
2013-07-07;0;0;0;0;29;0;0;87
2013-07-08;0;0;0;0;45;0;0;200
2013-07-09;0;0;0;0;25;0;0;166
2013-07-10;0;0;0;0;40;0;0;305
2013-07-11;0;0;0;0;19;0;0;146
2013-07-12;0;0;0;0;14;0;0;128
2013-07-13;0;0;0;0;14;0;0;136
2013-07-14;0;0;0;0;18;0;0;190
2013-07-15;0;1;1;0;32;0;0;142
2013-07-16;0;0;0;0;15;0;0;144
2013-07-17;0;0;0;0;10;0;0;154
2013-07-18;0;0;0;0;35;0;0;270
2013-07-19;1;0;0;0;27;0;0;315
2013-07-20;0;0;0;0;40;0;0;320
2013-07-21;0;0;0;0;33;0;0;350
2013-07-22;0;0;0;0;23;0;0;202
2013-07-23;0;0;0;0;13;1;0;218
2013-07-24;0;0;0;0;13;0;1;28
2013-07-25;0;0;0;0;16;0;0;42
2013-07-26;0;0;0;0;8;0;0;89
2013-07-27;0;0;1;0;15;0;0;86
2013-07-28;0;0;2;0;30;0;0;82
2013-07-29;0;0;0;0;6;0;0;21
2013-07-30;0;0;0;0;14;0;0;28
2013-07-31;0;0;0;0;13;0;0;34
2013-08-01;0;0;0;0;18;0;0;40
2013-08-02;0;0;0;0;13;0;0;35
2013-08-03;0;0;1;0;21;0;0;51
2013-08-04;0;0;0;0;2;0;0;13
2013-08-05;0;0;0;0;17;0;0;34
2013-08-06;0;0;1;0;20;0;0;14
2013-08-07;0;0;0;0;14;0;0;36
2013-08-08;0;0;0;0;8;0;0;22
2013-08-09;0;0;0;0;1;0;0;10
2013-08-10;0;0;0;0;9;0;0;42
2013-08-11;1;0;0;0;6;0;0;49
2013-08-12;0;0;0;0;13;0;0;44
2013-08-13;0;1;2;0;4;0;0;16
2013-08-14;0;0;0;0;4;0;0;38
2013-08-15;0;0;0;0;7;0;0;40
2013-08-16;0;0;0;0;8;0;0;25
2013-08-17;0;0;0;0;16;0;0;41
2013-08-18;0;0;1;0;9;0;0;66
2013-08-19;0;0;0;0;0;0;0;5
2013-08-20;0;0;0;0;0;0;0;25
2013-08-21;0;0;0;0;5;0;0;26
2013-08-22;0;0;0;0;3;0;0;36
2013-08-23;0;0;0;0;6;0;0;19
2013-08-24;0;0;0;0;2;0;0;18
2013-08-25;0;0;0;0;0;0;0;0
2013-08-26;0;0;0;0;0;0;0;4
2013-08-27;0;0;0;0;1;0;0;10
2013-08-28;0;0;0;0;0;0;0;12
2013-08-29;0;0;0;0;3;0;0;29
2013-08-30;0;0;1;0;0;0;0;13
2013-08-31;0;0;0;0;3;0;0;28
2013-09-01;0;0;0;0;0;0;0;25
2013-09-02;0;0;0;0;4;0;0;12
2013-09-03;0;0;0;0;6;0;0;9
2013-09-04;0;0;0;0;9;0;0;10
2013-09-05;0;0;0;0;5;0;0;5
2013-09-06;0;0;0;0;6;0;0;9
2013-09-07;0;0;0;0;10;0;0;4
2013-09-08;0;0;1;0;13;0;0;2
2013-09-09;0;0;0;0;41;0;0;1
2013-09-10;0;0;0;0;16;0;0;5
2013-09-11;0;0;0;0;2;0;0;5
2013-09-12;0;0;0;0;0;0;0;0
2013-09-13;0;0;0;0;4;0;0;0
2013-09-14;0;0;0;0;7;0;0;1
2013-09-15;0;2;0;0;22;0;0;0
2013-09-16;0;0;0;0;12;0;0;0
2013-09-17;0;0;0;0;11;0;0;0
2013-09-18;0;0;0;0;0;0;0;0
2013-09-19;0;0;0;0;0;0;0;0
2013-09-20;0;0;0;0;0;0;0;2
2013-09-21;0;0;0;0;0;0;0;1
2013-09-22;0;0;0;0;2;0;0;0
2013-09-23;0;0;0;0;1;0;0;0
2013-09-24;0;0;0;0;0;0;0;0
2013-09-25;0;0;0;0;0;0;0;1
2013-09-26;0;0;0;0;0;0;0;0
2013-09-27;0;0;0;0;0;0;0;0
2013-09-28;0;0;0;0;0;0;0;0
2013-09-29;0;0;0;0;2;0;0;0
2013-09-30;0;0;0;0;0;0;0;0
2013-10-01;0;0;0;0;0;0;0;0
2013-10-02;0;1;0;0;1;0;0;0
2013-10-03;0;0;0;0;0;0;0;0
2013-10-04;0;0;0;0;0;0;0;0
2013-10-05;0;0;0;0;0;0;0;0
2013-10-06;0;0;0;0;0;0;0;0
2013-10-07;0;0;0;0;1;0;0;0
2013-10-08;0;0;0;0;0;0;0;0
2013-10-09;0;0;0;0;0;0;0;0
2013-10-10;0;0;0;0;0;0;0;0
2013-10-11;0;0;0;0;0;0;0;0
2013-10-12;0;0;0;0;0;0;0;0
2013-10-13;0;0;0;0;0;0;0;0
2013-10-14;0;0;0;0;0;0;0;0
2013-10-15;0;0;0;0;0;0;0;0
2013-10-16;0;0;0;0;0;0;0;0
2013-10-17;0;0;0;0;0;0;0;0
2013-10-18;0;0;1;0;0;0;0;0
2013-10-19;0;0;0;0;0;0;0;1
2013-10-20;0;0;3;0;0;0;0;0
2013-10-21;0;0;0;0;0;0;0;0
2013-10-22;0;1;0;0;0;0;0;0
2013-10-23;0;0;0;0;0;0;0;0
2013-10-24;0;0;0;0;0;0;0;0
2013-10-25;0;0;0;0;0;0;0;0
2013-10-26;0;0;0;0;0;0;0;0
2013-10-27;0;0;3;0;0;0;0;1
2013-10-28;0;1;5;0;0;0;0;0
2013-10-29;0;0;0;0;0;0;0;0
2013-10-30;;;;;;;;
2013-10-31;;;;;;;;
2013-11-01;;;;;;;;
2013-11-02;;;;;;;;
2013-11-03;;;;;;;;
2013-11-04;;;;;;;;
2013-11-05;;;;;;;;
2013-11-06;;;;;;;;
2013-11-07;;;;;;;;
2013-11-08;;;;;;;;
2013-11-09;;;;;;;;
2013-11-10;;;;;;;;
2013-11-11;;;;;;;;
2013-11-12;;;;;;;;
2013-11-13;;;;;;;;
2013-11-14;;;;;;;;
2013-11-15;;;;;;;;
2013-11-16;;;;;;;;
2013-11-17;;;;;;;;
2013-11-18;;;;;;;;
2013-11-19;;;;;;;;
2013-11-20;;;;;;;;
2013-11-21;;;;;;;;
2013-11-22;;;;;;;;
2013-11-23;;;;;;;;
2013-11-24;;;;;;;;
2013-11-25;;;;;;;;
2013-11-26;;;;;;;;
2013-11-27;;;;;;;;
2013-11-28;;;;;;;;
2013-11-29;;;;;;;;
2013-11-30;;;;;;;;
2013-12-01;;;;;;;;
2013-12-02;;;;;;;;
2013-12-03;;;;;;;;
2013-12-04;;;;;;;;
2013-12-05;;;;;;;;
2013-12-06;;;;;;;;
2013-12-07;;;;;;;;
2013-12-08;;;;;;;;
2013-12-09;;;;;;;;
2013-12-10;;;;;;;;
2013-12-11;;;;;;;;
2013-12-12;;;;;;;;
2013-12-13;;;;;;;;
2013-12-14;;;;;;;;
2013-12-15;;;;;;;;
2013-12-16;;;;;;;;
2013-12-17;;;;;;;;
2013-12-18;;;;;;;;
2013-12-19;;;;;;;;
2013-12-20;;;;;;;;
2013-12-21;;;;;;;;
2013-12-22;;;;;;;;
2013-12-23;;;;;;;;
2013-12-24;;;;;;;;
2013-12-25;;;;;;;;
2013-12-26;;;;;;;;
2013-12-27;;;;;;;;
2013-12-28;;;;;;;;
2013-12-29;;;;;;;;
2013-12-30;;;;;;;;
2013-12-31;;;;;;;;
2014-01-01;;;;;;;;
2014-01-02;;;;;;;;
2014-01-03;;;;;;;;
2014-01-04;;;;;;;;
2014-01-05;;;;;;;;
2014-01-06;;;;;;;;
2014-01-07;;;;;;;;
2014-01-08;;;;;;;;
2014-01-09;;;;;;;;
2014-01-10;;;;;;;;
2014-01-11;;;;;;;;
2014-01-12;;;;;;;;
2014-01-13;;;;;;;;
2014-01-14;;;;;;;;
2014-01-15;;;;;;;;
2014-01-16;;;;;;;;
2014-01-17;;;;;;;;
2014-01-18;;;;;;;;
2014-01-19;;;;;;;;
2014-01-20;;;;;;;;
2014-01-21;;;;;;;;
2014-01-22;;;;;;;;
2014-01-23;;;;;;;;
2014-01-24;;;;;;;;
2014-01-25;;;;;;;;
2014-01-26;;;;;;;;
2014-01-27;;;;;;;;
2014-01-28;;;;;;;;
2014-01-29;;;;;;;;
2014-01-30;;;;;;;;
2014-01-31;;;;;;;;
2014-02-01;;;;;;;;
2014-02-02;;;;;;;;
2014-02-03;;;;;;;;
2014-02-04;;;;;;;;
2014-02-05;;;;;;;;
2014-02-06;;;;;;;;
2014-02-07;;;;;;;;
2014-02-08;;;;;;;;
2014-02-09;;;;;;;;
2014-02-10;;;;;;;;
2014-02-11;;;;;;;;
2014-02-12;;;;;;;;
2014-02-13;;;;;;;;
2014-02-14;;;;;;;;
2014-02-15;;;;;;;;
2014-02-16;;;;;;;;
2014-02-17;;;;;;;;
2014-02-18;;;;;;;;
2014-02-19;4;0;7;0;0;0;0;0
2014-02-20;68;0;25;0;0;0;2;0
2014-02-21;14;0;113;0;0;1;0;0
2014-02-22;67;0;87;3;0;0;1;0
2014-02-23;37;0;14;0;0;0;1;0
2014-02-24;39;0;116;4;0;0;1;0
2014-02-25;86;0;720;2;0;0;4;0
2014-02-26;198;0;412;3;0;0;2;0
2014-02-27;47;0;387;0;0;0;4;0
2014-02-28;178;0;62;0;0;0;4;0
2014-03-01;36;0;548;0;0;0;1;0
2014-03-02;32;0;17;0;0;0;3;0
2014-03-03;70;0;202;0;0;0;2;0
2014-03-04;73;0;97;0;0;0;2;0
2014-03-05;50;0;96;0;0;0;1;0
2014-03-06;65;0;230;0;0;0;4;0
2014-03-07;17;0;514;0;0;0;4;0
2014-03-08;60;0;2374;2;0;0;3;0
2014-03-09;146;0;2600;1;0;0;12;0
2014-03-10;99;0;269;1;0;0;7;0
2014-03-11;42;0;207;0;0;0;12;0
2014-03-12;90;0;469;1;0;0;16;0
2014-03-13;30;0;90;1;0;0;4;0
2014-03-14;11;0;153;0;0;0;17;0
2014-03-15;72;2;1060;0;0;0;15;0
2014-03-16;14;3;62;0;0;0;5;0
2014-03-17;3;8;74;4;0;1;7;0
2014-03-18;4;13;109;6;0;1;13;0
2014-03-19;2;11;116;7;0;1;7;0
2014-03-20;2;4;92;7;0;0;5;0
2014-03-21;13;55;135;32;0;7;7;0
2014-03-22;9;65;184;58;0;2;3;0
2014-03-23;0;0;2;0;0;0;0;0
2014-03-24;0;8;24;10;0;0;0;0
2014-03-25;0;6;37;2;0;0;1;0
2014-03-26;1;29;19;4;0;0;1;0
2014-03-27;2;57;5;19;0;6;0;0
2014-03-28;0;153;51;42;0;2;0;0
2014-03-29;0;300;34;67;0;1;1;0
2014-03-30;2;540;54;72;0;2;2;0
2014-03-31;0;528;20;128;0;2;0;0
2014-04-01;0;928;26;119;0;1;0;0
2014-04-02;0;834;24;145;0;0;1;0
2014-04-03;0;1256;17;121;0;2;2;0
2014-04-04;0;1501;17;107;0;3;0;0
2014-04-05;0;1576;9;88;0;14;0;0
2014-04-06;0;119;0;13;0;17;0;0
2014-04-07;0;704;0;29;0;19;0;0
2014-04-08;0;839;33;47;0;48;1;0
2014-04-09;0;162;2;2;0;29;0;0
2014-04-10;0;45;3;0;0;6;0;1
2014-04-11;0;66;0;2;0;5;0;0
2014-04-12;0;86;3;0;0;12;0;0
2014-04-13;0;201;1;3;14;60;0;0
2014-04-14;0;227;27;5;0;90;2;0
2014-04-15;0;21;1;2;0;12;0;0
2014-04-16;0;18;0;0;0;11;0;0
2014-04-17;0;40;1;1;0;18;0;0
2014-04-18;0;27;1;4;0;9;0;0
2014-04-19;0;37;0;0;0;8;0;0
2014-04-20;0;43;0;3;0;32;2;0
2014-04-21;2;18;12;1;1;29;0;0
2014-04-22;2;12;31;2;1;26;0;0
2014-04-23;0;34;31;0;0;74;0;0
2014-04-24;0;43;18;0;3;134;0;0
2014-04-25;0;19;73;0;4;109;0;0
2014-04-26;0;10;28;0;5;94;1;0
2014-04-27;0;7;0;0;0;11;0;0
2014-04-28;0;4;0;0;0;14;0;0
2014-04-29;2;19;7;1;0;12;0;1
2014-04-30;0;15;15;0;5;73;0;0
2014-05-01;9;10;7;0;3;45;0;0
2014-05-02;0;2;0;0;4;11;0;0
2014-05-03;1;2;0;0;1;8;0;0
2014-05-04;3;12;4;0;1;10;0;0
2014-05-05;11;1;1;0;8;12;0;0
2014-05-06;6;4;18;0;12;51;0;0
2014-05-07;0;2;2;0;3;11;0;0
2014-05-08;2;5;2;0;7;19;0;1
2014-05-09;0;4;1;0;14;25;0;0
2014-05-10;1;2;1;0;18;16;0;0
2014-05-11;1;11;0;0;24;43;0;0
2014-05-12;1;7;1;0;5;13;0;0
2014-05-13;8;33;6;5;4;16;0;0
2014-05-14;0;3;0;0;3;6;0;0
2014-05-15;0;1;0;0;7;2;0;0
2014-05-16;0;2;0;0;3;6;0;0
2014-05-17;1;0;0;0;5;1;0;0
2014-05-18;0;1;4;0;6;4;0;0
2014-05-19;2;3;2;0;15;5;0;0
2014-05-20;0;0;4;0;24;2;0;0
2014-05-21;1;3;5;0;42;13;0;1
2014-05-22;1;8;0;0;51;5;0;2
2014-05-23;0;3;1;0;37;4;0;0
2014-05-24;0;2;0;0;11;0;0;0
2014-05-25;0;3;1;0;52;4;0;1
2014-05-26;0;3;0;0;43;1;0;0
2014-05-27;0;0;0;0;5;1;0;1
2014-05-28;0;0;0;0;15;1;0;0
2014-05-29;0;0;0;0;18;0;0;2
2014-05-30;0;0;0;0;3;0;0;0
2014-05-31;0;0;0;0;24;0;0;0
2014-06-01;2;0;0;0;93;0;0;4
2014-06-02;0;0;0;0;61;0;0;2
2014-06-03;0;0;0;0;37;0;0;1
2014-06-04;0;0;0;0;56;0;0;1
2014-06-05;0;0;0;0;46;1;0;4
2014-06-06;2;0;3;0;85;0;0;7
2014-06-07;9;0;3;0;94;0;0;12
2014-06-08;2;0;0;0;76;0;0;12
2014-06-09;2;0;2;0;62;0;0;28
2014-06-10;7;0;1;0;60;0;0;13
2014-06-11;2;0;2;0;97;0;0;39
2014-06-12;0;1;0;0;43;0;0;48
2014-06-13;0;1;0;0;53;0;0;28
2014-06-14;1;0;0;0;47;0;0;33
2014-06-15;0;0;0;0;28;0;0;36
2014-06-16;0;0;0;0;40;0;0;51
2014-06-17;0;0;0;0;43;0;0;17
2014-06-18;0;0;0;0;35;0;0;26
2014-06-19;0;2;0;0;49;0;0;25
2014-06-20;1;0;0;0;6;0;0;16
2014-06-21;0;0;0;0;18;0;0;18
2014-06-22;0;1;0;0;42;0;0;33
2014-06-23;0;0;0;0;55;0;0;22
2014-06-24;0;0;0;0;27;0;0;11
2014-06-25;0;0;0;0;21;0;0;12
2014-06-26;0;0;0;0;66;0;0;14
2014-06-27;0;0;0;0;60;0;0;16
2014-06-28;0;0;0;0;15;0;0;16
2014-06-29;0;8;0;1;0;0;0;0
2014-06-30;0;0;0;0;4;0;0;2
2014-07-01;0;0;0;0;29;0;0;22
2014-07-02;0;0;0;0;3;0;0;4
2014-07-03;0;0;0;0;18;0;0;26
2014-07-04;0;0;2;0;70;0;0;49
2014-07-05;2;0;0;0;25;0;0;32
2014-07-06;0;0;0;0;24;0;0;79
2014-07-07;0;0;0;0;20;0;0;40
2014-07-08;0;0;0;0;2;0;0;5
2014-07-09;0;0;0;0;0;0;0;2
2014-07-10;0;0;0;0;0;0;0;11
2014-07-11;0;0;0;0;26;0;0;48
2014-07-12;0;0;0;0;5;0;0;31
2014-07-13;0;0;0;0;20;0;0;58
2014-07-14;0;0;0;0;6;0;0;14
2014-07-15;0;0;0;0;9;0;0;15
2014-07-16;0;0;0;0;15;0;0;54
2014-07-17;0;0;0;0;12;0;0;60
2014-07-18;0;0;0;0;7;0;0;45
2014-07-19;0;0;0;0;12;0;0;43
2014-07-20;0;0;0;0;25;0;0;43
2014-07-21;0;0;0;0;1;0;0;5
2014-07-22;0;0;0;0;0;0;0;2
2014-07-23;0;0;0;0;12;0;0;65
2014-07-24;0;0;0;0;16;0;0;46
2014-07-25;0;0;0;0;4;0;0;46
2014-07-26;0;0;0;0;13;0;0;44
2014-07-27;0;0;0;0;4;0;0;42
2014-07-28;0;0;0;0;5;0;0;78
2014-07-29;0;0;0;0;1;0;0;11
2014-07-30;0;0;0;0;1;0;0;12
2014-07-31;0;0;0;0;2;0;0;26
2014-08-01;0;0;0;0;14;0;0;73
2014-08-02;0;0;0;0;9;0;0;18
2014-08-03;0;0;0;0;4;0;0;27
2014-08-04;0;0;0;0;7;0;0;56
2014-08-05;0;0;0;0;3;0;0;12
2014-08-06;0;0;0;0;2;0;0;94
2014-08-07;0;0;0;0;0;0;0;48
2014-08-08;0;0;0;0;6;0;0;58
2014-08-09;0;0;0;0;4;0;0;37
2014-08-10;0;0;0;0;5;0;0;69
2014-08-11;0;0;0;0;2;0;0;8
2014-08-12;0;0;1;0;3;0;0;88
2014-08-13;0;0;0;0;0;0;0;3
2014-08-14;0;0;0;0;0;0;0;61
2014-08-15;0;0;0;0;0;0;0;9
2014-08-16;0;0;0;0;0;0;0;20
2014-08-17;0;0;0;0;7;0;0;73
2014-08-18;0;0;0;0;4;0;0;91
2014-08-19;0;0;0;0;0;0;0;53
2014-08-20;0;0;0;0;0;0;0;43
2014-08-21;0;0;0;0;1;0;0;75
2014-08-22;0;0;0;0;2;0;0;74
2014-08-23;0;0;0;0;1;0;0;75
2014-08-24;0;0;0;0;1;0;0;45
2014-08-25;0;0;0;0;1;0;0;28
2014-08-26;0;0;1;0;1;0;0;24
2014-08-27;0;0;0;0;0;0;0;11
2014-08-28;0;0;0;0;3;0;0;27
2014-08-29;0;0;0;0;2;0;0;56
2014-08-30;0;0;0;0;0;0;0;1
2014-08-31;0;0;0;0;2;0;0;45
2014-09-01;0;0;0;0;0;0;0;28
2014-09-02;0;0;0;0;0;0;0;22
2014-09-03;0;0;0;0;0;0;0;7
2014-09-04;0;0;0;0;8;0;0;1
2014-09-05;0;0;0;0;4;0;0;3
2014-09-06;0;0;0;0;0;0;0;7
2014-09-07;0;0;0;0;1;0;0;10
2014-09-08;0;0;0;0;0;0;0;4
2014-09-09;0;0;0;0;0;0;0;1
2014-09-10;0;0;0;0;0;0;0;2
2014-09-11;0;0;0;0;2;0;0;0
2014-09-12;0;0;0;0;0;0;0;0
2014-09-13;0;0;0;0;0;0;0;1
2014-09-14;0;0;0;0;0;0;0;0
2014-09-15;0;0;0;0;0;0;0;0
2014-09-16;0;0;0;0;0;0;0;0
2014-09-17;0;0;0;0;2;0;0;1
2014-09-18;0;0;0;0;1;0;0;1
2014-09-19;0;0;0;0;0;0;0;0
2014-09-20;0;0;0;0;0;0;0;0
2014-09-21;0;0;0;0;0;0;0;1
2014-09-22;0;0;0;0;0;0;0;0
2014-09-23;0;0;0;0;0;0;0;0
2014-09-24;0;0;0;0;2;0;0;0
2014-09-25;0;0;0;0;0;0;0;0
2014-09-26;0;0;0;0;0;0;0;1
2014-09-27;0;0;0;0;0;0;0;1
2014-09-28;0;0;0;0;0;0;0;1
2014-09-29;0;0;0;0;0;0;0;2
2014-09-30;0;0;0;0;0;0;0;0
2014-10-01;0;0;0;0;0;0;0;0
2014-10-02;0;0;0;0;0;0;0;0
2014-10-03;0;0;0;0;1;0;0;0
2014-10-04;0;0;0;0;0;0;0;0
2014-10-05;0;0;0;0;0;0;0;0
2014-10-06;0;0;0;0;0;0;0;0
2014-10-07;0;0;0;0;0;0;0;1
2014-10-08;0;0;0;0;1;0;0;0
2014-10-09;0;0;0;0;0;0;0;0
2014-10-10;0;0;0;0;0;0;0;0
2014-10-11;0;0;1;0;0;0;0;0
2014-10-12;0;0;0;0;0;0;0;0
2014-10-13;0;0;0;0;0;0;0;0
2014-10-14;0;0;0;0;0;0;0;0
2014-10-15;0;0;0;0;0;0;0;0
2014-10-16;;;;;;;;
2014-10-17;;;;;;;;
2014-10-18;;;;;;;;
2014-10-19;;;;;;;;
2014-10-20;;;;;;;;
2014-10-21;;;;;;;;
2014-10-22;;;;;;;;
2014-10-23;;;;;;;;
2014-10-24;;;;;;;;
2014-10-25;;;;;;;;
2014-10-26;;;;;;;;
2014-10-27;;;;;;;;
2014-10-28;;;;;;;;
2014-10-29;;;;;;;;
2014-10-30;;;;;;;;
2014-10-31;;;;;;;;
2014-11-01;;;;;;;;
2014-11-02;;;;;;;;
2014-11-03;;;;;;;;
2014-11-04;;;;;;;;
2014-11-05;;;;;;;;
2014-11-06;;;;;;;;
2014-11-07;;;;;;;;
2014-11-08;;;;;;;;
2014-11-09;;;;;;;;
2014-11-10;;;;;;;;
2014-11-11;;;;;;;;
2014-11-12;;;;;;;;
2014-11-13;;;;;;;;
2014-11-14;;;;;;;;
2014-11-15;;;;;;;;
2014-11-16;;;;;;;;
2014-11-17;;;;;;;;
2014-11-18;;;;;;;;
2014-11-19;;;;;;;;
2014-11-20;;;;;;;;
2014-11-21;;;;;;;;
2014-11-22;;;;;;;;
2014-11-23;;;;;;;;
2014-11-24;;;;;;;;
2014-11-25;;;;;;;;
2014-11-26;;;;;;;;
2014-11-27;;;;;;;;
2014-11-28;;;;;;;;
2014-11-29;;;;;;;;
2014-11-30;;;;;;;;
2014-12-01;;;;;;;;
2014-12-02;;;;;;;;
2014-12-03;;;;;;;;
2014-12-04;;;;;;;;
2014-12-05;;;;;;;;
2014-12-06;;;;;;;;
2014-12-07;;;;;;;;
2014-12-08;;;;;;;;
2014-12-09;;;;;;;;
2014-12-10;;;;;;;;
2014-12-11;;;;;;;;
2014-12-12;;;;;;;;
2014-12-13;;;;;;;;
2014-12-14;;;;;;;;
2014-12-15;;;;;;;;
2014-12-16;;;;;;;;
2014-12-17;;;;;;;;
2014-12-18;;;;;;;;
2014-12-19;;;;;;;;
2014-12-20;;;;;;;;
2014-12-21;;;;;;;;
2014-12-22;;;;;;;;
2014-12-23;;;;;;;;
2014-12-24;;;;;;;;
2014-12-25;;;;;;;;
2014-12-26;;;;;;;;
2014-12-27;;;;;;;;
2014-12-28;;;;;;;;
2014-12-29;;;;;;;;
2014-12-30;;;;;;;;
2014-12-31;;;;;;;;
2015-01-01;;;;;;;;
2015-01-02;;;;;;;;
2015-01-03;;;;;;;;
2015-01-04;;;;;;;;
2015-01-05;;;;;;;;
2015-01-06;;;;;;;;
2015-01-07;;;;;;;;
2015-01-08;;;;;;;;
2015-01-09;;;;;;;;
2015-01-10;;;;;;;;
2015-01-11;;;;;;;;
2015-01-12;;;;;;;;
2015-01-13;;;;;;;;
2015-01-14;;;;;;;;
2015-01-15;;;;;;;;
2015-01-16;;;;;;;;
2015-01-17;;;;;;;;
2015-01-18;;;;;;;;
2015-01-19;;;;;;;;
2015-01-20;;;;;;;;
2015-01-21;;;;;;;;
2015-01-22;;;;;;;;
2015-01-23;;;;;;;;
2015-01-24;;;;;;;;
2015-01-25;;;;;;;;
2015-01-26;;;;;;;;
2015-01-27;;;;;;;;
2015-01-28;;;;;;;;
2015-01-29;;;;;;;;
2015-01-30;;;;;;;;
2015-01-31;;;;;;;;
2015-02-01;;;;;;;;
2015-02-02;;;;;;;;
2015-02-03;;;;;;;;
2015-02-04;;;;;;;;
2015-02-05;;;;;;;;
2015-02-06;;;;;;;;
2015-02-07;;;;;;;;
2015-02-08;;;;;;;;
2015-02-09;;;;;;;;
2015-02-10;;;;;;;;
2015-02-11;;;;;;;;
2015-02-12;;;;;;;;
2015-02-13;;;;;;;;
2015-02-14;;;;;;;;
2015-02-15;;;;;;;;
2015-02-16;;;;;;;;
2015-02-17;;;;;;;;
2015-02-18;;;;;;;;
2015-02-19;;;;;;;;
2015-02-20;;;;;;;;
2015-02-21;;;;;;;;
2015-02-22;;;;;;;;
2015-02-23;;;;;;;;
2015-02-24;;;;;;;;
2015-02-25;;;;;;;;
2015-02-26;;;;;;;;
2015-02-27;;;;;;;;
2015-02-28;;;;;;;;
2015-03-01;;;;;;;;
2015-03-02;;;;;;;;
2015-03-03;;;;;;;;
2015-03-04;;;;;;;;
2015-03-05;;;;;;;;
2015-03-06;;;;;;;;
2015-03-07;;;;;;;;
2015-03-08;;;;;;;;
2015-03-09;;;;;;;;
2015-03-10;;;;;;;;
2015-03-11;;;;;;;;
2015-03-12;;;;;;;;
2015-03-13;;;;;;;;
2015-03-14;;;;;;;;
2015-03-15;;;;;;;;
2015-03-16;94;0;34,5;0;0;0;0;0
2015-03-17;139;0;965;3;0;0;1;0
2015-03-18;38;1;581,5;0;0;0;4;0
2015-03-19;43,5;0;302;2;0;0;6;0
2015-03-20;22;7;410,5;0;0;0;17;0
2015-03-21;69,5;15;2277;1;0;0;22;0
2015-03-22;6;1;55;0;0;0;0;0
2015-03-23;4;0;61;0;0;0;3;0
2015-03-24;7;2;112,5;31,5;0;0;15;0
2015-03-25;18;8;453,5;50,5;0;3;5;0
2015-03-26;6;3;535,5;10;0;0;18;0
2015-03-27;32;9;438;14;0;2;9;0
2015-03-28;6;3;43,5;16;0;0;22;0
2015-03-29;14;13;851,5;8;0;0;31,5;0
2015-03-30;20;8;1257,5;9;0;1;37,5;0
2015-03-31;10;4;2702;4;0;0;36;0
2015-04-01;0;8;61;8;0;0;0;0
2015-04-02;4;0;2;19;0;0;2;0
2015-04-03;0;2;3;18;0;0;3;0
2015-04-04;0;0;2;14;0;0;2;0
2015-04-05;0;0;1;11;0;0;4;0
2015-04-06;0;0;2;9;0;0;1;0
2015-04-07;0;0;0;2;0;0;0;0
2015-04-08;0;0;18;47;0;0;4;0
2015-04-09;0;1;58;85,5;0;0;9;0
2015-04-10;0;1;131;413,5;0;17;18;0
2015-04-11;0;144;228;854;0;38,5;15;0
2015-04-12;0;48,5;55;531,5;0;1;2;0
2015-04-13;0;785;139;910,5;0;4;2;0
2015-04-14;0;723;68;426;0;2;0;0
2015-04-15;0;586,5;90,5;339;0;1;2;0
2015-04-16;3;1972;71;441,5;2;2;2;0
2015-04-17;0;670;15;277,5;0;7;0;0
2015-04-18;0;96;6;32,5;0;4;0;0
2015-04-19;0;177;11;21;0;9;0;0
2015-04-20;0;237,5;5;20;0;3;1;0
2015-04-21;0;434,5;7;21;0;7;0;0
2015-04-22;1;582,5;14;62;2;29;0;0
2015-04-23;0;109;1;3;0;14;0;0
2015-04-24;0;67,5;1;11;1;8;0;0
2015-04-25;2;171,5;5;18;0;69;0;0
2015-04-26;0;59;1;4;1;32;0;0
2015-04-27;1;188;13;3;2;164,5;1;0
2015-04-28;6;49;3;7;0;33;0;0
2015-04-29;1;55,5;38,5;2;0;122,5;0;0
2015-04-30;0;26;2;1;2;43,5;0;0
2015-05-01;0;1;0;0;0;2;0;0
2015-05-02;0;0;0;0;0;7;0;0
2015-05-03;0;3;0;0;0;3;0;0
2015-05-04;1;31,5;5;0;1;120,5;0;0
2015-05-05;7;73,5;29;0;11;224;0;0
2015-05-06;0;1;3;0;2;7;0;0
2015-05-07;1;9;1;0;12;32,5;0;0
2015-05-08;3;8;8;0;11;36,5;0;0
2015-05-09;0;1;2;0;12;20;0;0
2015-05-10;0;8;4;0;10;29;0;1
2015-05-11;0;4;6;0;10;12;0;1
2015-05-12;5;6;3;0;29,5;17;0;7
2015-05-13;1;5;7;0;50;80;0;0
2015-05-14;1;0;2;0;11;16;0;0
2015-05-15;0;1;1;0;4;4;0;0
2015-05-16;0;1;2;1;23;7;0;0
2015-05-17;0;1;0;0;47,5;5;0;2
2015-05-18;2;0;0;0;11;0;0;6
2015-05-19;3;0;0;0;44;6;0;1
2015-05-20;0;0;0;0;0;0;0;0
2015-05-21;0;1;0;0;2;0;0;0
2015-05-22;0;0;1;0;6;0;0;0
2015-05-23;0;1;0;0;16;0;0;0
2015-05-24;0;0;0;0;3;0;0;0
2015-05-25;0;0;0;0;12;0;0;2
2015-05-26;0;0;1;0;46;0;0;4
2015-05-27;0;1;0;0;15;0;0;1
2015-05-28;0;1;0;0;75;0;0;3
2015-05-29;0;1;0;0;245,5;1;0;3
2015-05-30;0;3;0;0;113,5;0;0;8
2015-05-31;1;1;1;0;149;0;0;6
2015-06-01;3;0;5;0;304;3;0;17
2015-06-02;1;0;1;0;244,5;0;0;11
2015-06-03;3;0;1;0;315,5;0;0;33,5
2015-06-04;0;0;1;0;322;0;0;42,5
2015-06-05;0;0;0;0;187;0;0;40,5
2015-06-06;8;1;4;0;257;0;0;65
2015-06-07;0;0;1;0;70,5;0;0;73
2015-06-08;0;0;0;0;29;0;0;34,5
2015-06-09;0;0;0;0;3;0;0;9
2015-06-10;0;0;1;0;17;0;0;61
2015-06-11;3;0;1;0;71;0;0;58
2015-06-12;1;0;2;0;44,5;0;0;83,5
2015-06-13;2;0;0;0;83,5;0;0;69
2015-06-14;0;0;0;0;21;0;0;53,5
2015-06-15;0;0;0;0;2;0;0;9
2015-06-16;0;0;0;0;21;0;0;115
2015-06-17;0;0;0;0;33,5;0;0;76
2015-06-18;0;0;0;0;25,5;1;0;15
2015-06-19;0;0;0;0;20;0;0;79,5
2015-06-20;0;0;0;0;6;0;0;23
2015-06-21;0;0;0;0;5;0;0;18
2015-06-22;0;0;0;0;40,5;0;0;47
2015-06-23;0;0;0;0;13;0;0;36,5
2015-06-24;0;0;0;0;13;0;0;68,5
2015-06-25;2;0;0;0;24;0;0;105,5
2015-06-26;0;1;0;0;28,5;0;0;158
2015-06-27;0;0;1;0;24;0;0;81,5
2015-06-28;0;0;0;0;55;0;0;134
2015-06-29;0;0;0;0;32,5;0;0;143
2015-06-30;0;0;0;0;17;0;0;82,5
2015-07-01;1;0;0;0;44,5;0;0;140
2015-07-02;0;0;0;0;19;0;0;161,5
2015-07-03;0;0;0;0;7;0;0;103
2015-07-04;0;0;0;0;13;0;0;156,5
2015-07-05;0;0;2;0;31;0;0;104,5
2015-07-06;0;0;0;0;46,5;0;0;207,5
2015-07-07;0;0;0;0;39,5;0;0;74
2015-07-08;0;0;0;0;15;0;0;95
2015-07-09;0;0;0;0;10;0;0;51,5
2015-07-10;0;0;0;0;21;0;0;41,5
2015-07-11;0;0;2;0;40,5;0;0;68
2015-07-12;0;0;1;0;29;0;0;84,5
2015-07-13;0;0;0;0;7;0;0;39,5
2015-07-14;0;0;0;0;26;0;0;44,5
2015-07-15;0;0;0;0;27;0;0;93,5
2015-07-16;0;0;0;0;21;0;0;90
2015-07-17;0;0;0;0;21;0;0;61
2015-07-18;0;0;0;0;14;0;0;47,5
2015-07-19;0;0;1;0;25;0;0;77
2015-07-20;0;0;0;0;8;0;0;86,5
2015-07-21;0;0;0;0;13;0;0;105,5
2015-07-22;0;0;0;0;22;0;0;56
2015-07-23;0;0;0;0;8;0;0;95
2015-07-24;0;0;0;0;23;0;0;134
2015-07-25;0;0;4;0;31,5;0;0;85,5
2015-07-26;0;0;0;0;22,5;0;0;62
2015-07-27;0;0;0;0;20;0;0;52
2015-07-28;0;0;0;0;7;0;0;30,5
2015-07-29;0;0;0;0;0;0;0;10
2015-07-30;0;0;0;0;8;0;0;8
2015-07-31;0;0;0;0;6;0;0;47
2015-08-01;0;0;0;0;17;0;0;59,5
2015-08-02;0;0;1;0;2;0;0;22
2015-08-03;0;0;1;0;7;0;0;68,5
2015-08-04;0;0;0;0;22;0;0;70,5
2015-08-05;0;0;0;0;20;0;0;57
2015-08-06;0;0;0;0;8;0;0;68,5
2015-08-07;0;0;0;0;13;0;0;128
2015-08-08;0;0;0;0;20;0;0;101
2015-08-09;0;0;0;0;21;0;0;133
2015-08-10;0;0;0;0;9;0;0;91,5
2015-08-11;0;0;0;0;10;0;0;66
2015-08-12;0;0;0;0;7;0;0;45,5
2015-08-13;0;0;0;0;4;0;0;42,5
2015-08-14;0;0;0;0;16;0;0;37,5
2015-08-15;0;0;0;0;2;0;0;12
2015-08-16;0;0;0;0;0;0;0;5
2015-08-17;0;0;0;0;0;0;0;2
2015-08-18;0;0;0;0;1;0;0;33,5
2015-08-19;0;0;0;0;1;0;0;24
2015-08-20;0;0;0;0;1;0;0;33
2015-08-21;0;0;0;0;1;0;0;7
2015-08-22;0;0;0;0;3;0;0;21,5
2015-08-23;0;0;0;0;2;0;0;15
2015-08-24;0;0;0;0;3;0;0;13
2015-08-25;0;0;0;0;2;0;0;7
2015-08-26;0;0;0;0;1;0;0;11
2015-08-27;0;0;0;0;2;0;0;10
2015-08-28;0;0;0;0;3;0;0;20
2015-08-29;0;0;0;0;8;0;0;32,5
2015-08-30;0;0;0;0;2;0;0;17
2015-08-31;0;0;1;0;3;0;0;23
2015-09-01;0;0;3;0;2;0;0;1
2015-09-02;0;0;0;0;0;0;0;1
2015-09-03;0;0;0;0;0;0;0;1
2015-09-04;0;0;1;0;0;0;0;3
2015-09-05;0;0;3;0;1;0;0;5
2015-09-06;0;0;0;0;1;0;0;0
2015-09-07;0;0;0;0;0;0;0;1
2015-09-08;0;0;0;0;1;0;0;0
2015-09-09;0;0;0;0;2;0;0;2
2015-09-10;0;0;0;0;1;0;0;1
2015-09-11;0;0;0;0;1;0;0;0
2015-09-12;0;0;0;0;2;0;0;3
2015-09-13;0;0;0;0;1;0;0;2
2015-09-14;0;0;1;0;0;0;0;1
2015-09-15;0;0;0;0;1;0;0;0
2015-09-16;0;0;0;0;0;0;0;0
2015-09-17;0;0;3;0;2;0;0;4
2015-09-18;0;0;0;0;1;0;0;1
2015-09-19;0;0;0;0;0;0;0;2
2015-09-20;0;0;0;0;0;0;0;3
2015-09-21;0;0;0;0;2;0;0;1
2015-09-22;0;0;0;0;0;0;0;1
2015-09-23;0;0;0;0;0;0;0;0
2015-09-24;0;0;0;0;0;0;0;0
2015-09-25;0;0;0;0;0;0;0;0
2015-09-26;0;0;0;0;0;0;0;1
2015-09-27;0;0;0;0;0;0;0;0
2015-09-28;0;0;1;0;0;0;0;0
2015-09-29;0;0;0;0;1;0;0;0
2015-09-30;0;0;0;0;0;0;0;0
2015-10-01;0;0;0;0;0;0;0;0
2015-10-02;0;0;0;0;1;0;0;0
2015-10-03;0;0;0;0;1;0;0;0
2015-10-04;0;0;0;0;1;0;0;1
2015-10-05;0;0;0;0;1;0;0;0
2015-10-06;0;0;0;0;0;0;0;2
2015-10-07;0;0;0;0;0;0;0;0
2015-10-08;0;0;0;0;0;0;0;0
2015-10-09;0;0;1;0;0;0;0;0
2015-10-10;0;0;4;0;1;0;0;0
2015-10-11;0;0;5;0;0;0;0;0
2015-10-12;0;0;1;0;2;0;0;0
2015-10-13;0;0;0;0;0;0;0;0
2015-10-14;;;;;;;;
2015-10-15;;;;;;;;
2015-10-16;;;;;;;;
2015-10-17;;;;;;;;
2015-10-18;;;;;;;;
2015-10-19;;;;;;;;
2015-10-20;;;;;;;;
2015-10-21;;;;;;;;
2015-10-22;;;;;;;;
2015-10-23;;;;;;;;
2015-10-24;;;;;;;;
2015-10-25;;;;;;;;
2015-10-26;;;;;;;;
2015-10-27;;;;;;;;
2015-10-28;;;;;;;;
2015-10-29;;;;;;;;
2015-10-30;;;;;;;;
2015-10-31;;;;;;;;
2015-11-01;;;;;;;;
2015-11-02;;;;;;;;
2015-11-03;;;;;;;;
2015-11-04;;;;;;;;
2015-11-05;;;;;;;;
2015-11-06;;;;;;;;
2015-11-07;;;;;;;;
2015-11-08;;;;;;;;
2015-11-09;;;;;;;;
2015-11-10;;;;;;;;
2015-11-11;;;;;;;;
2015-11-12;;;;;;;;
2015-11-13;;;;;;;;
2015-11-14;;;;;;;;
2015-11-15;;;;;;;;
2015-11-16;;;;;;;;
2015-11-17;;;;;;;;
2015-11-18;;;;;;;;
2015-11-19;;;;;;;;
2015-11-20;;;;;;;;
2015-11-21;;;;;;;;
2015-11-22;;;;;;;;
2015-11-23;;;;;;;;
2015-11-24;;;;;;;;
2015-11-25;;;;;;;;
2015-11-26;;;;;;;;
2015-11-27;;;;;;;;
2015-11-28;;;;;;;;
2015-11-29;;;;;;;;
2015-11-30;;;;;;;;
2015-12-01;;;;;;;;
2015-12-02;;;;;;;;
2015-12-03;;;;;;;;
2015-12-04;;;;;;;;
2015-12-05;;;;;;;;
2015-12-06;;;;;;;;
2015-12-07;;;;;;;;
2015-12-08;;;;;;;;
2015-12-09;;;;;;;;
2015-12-10;;;;;;;;
2015-12-11;;;;;;;;
2015-12-12;;;;;;;;
2015-12-13;;;;;;;;
2015-12-14;;;;;;;;
2015-12-15;;;;;;;;
2015-12-16;;;;;;;;
2015-12-17;;;;;;;;
2015-12-18;;;;;;;;
2015-12-19;;;;;;;;
2015-12-20;;;;;;;;
2015-12-21;;;;;;;;
2015-12-22;;;;;;;;
2015-12-23;;;;;;;;
2015-12-24;;;;;;;;
2015-12-25;;;;;;;;
2015-12-26;;;;;;;;
2015-12-27;;;;;;;;
2015-12-28;;;;;;;;
2015-12-29;;;;;;;;
2015-12-30;;;;;;;;
2015-12-31;;;;;;;;
